ID,study_title,hypothesis_statement,effect_of_interest,statistical_result,df1_f,df2_f,f_statistc,p_value,p_number,reported_p,computed_p,Agreement?,APA Text statement (original)
3,Sweat Characteristics of Cramp-Prone and Cramp-Resistant Athletes,"We hypothesized sweat losses would be higher in cramp-prone athletes, these variables would be capable of identifying cramp-prone athletes, and sweat losses would be different across gender and sports.",main effect,"We did not observe a main effect for “EAMC history” for [Na+]sw, F(1, 313) = 2.28, p = .13",1,313,2.28,p = 0.13,0.13,0.13,0.132,Reproduced,"F(1, 313) = 2.28, p = 0.13000"
6,Power attenuation from restricting range of motion is minimized in subjects with fast RTD and following isometric training,1) peak power would be greater in the unrestricted versus restricted ROM,interaction effect,"Peak power increased following training at both MTU lengths with a MTU length × training interaction [F(1, 51) = 5.97, P < 0.05, ηp2 = 0.11], no main effect of MTU length [F(1, 51) = 1.32, P = 0.26], and a main effect of training [F(1, 51) = 33.9, P < 0.05, ηp2 = 0.40]",1,51,5.97,P < 0.05,0.05,0.05,0.018,Not reproducible but compatible,"F(1, 51) = 5.97, p = 0.05000"
10,Fatigue-related changes in vertical impact properties during normal and silent running,"It was hypothesized that fatigued runners would present increased vertical impact properties (peak sounds and loading rates) especially during silent running, as it may be

a more metabolically demanding locomotor task.",main effect,"There was a greater peak impact sound during normal running when compared to silent running (F (1,16) = 49.5, p < 0.0001, ŋp2 = 0.76,",1,16,49.5,p < 0.0001,0.0001,0,0,Reproduced,"F(1, 16) = 49.5, p = 0.00010"
12,Resistance training intervention performed with different muscle action durations influences the maximal dynamic strength without promoting joint-angle specific strength gains,"larger MVIC gains would occur at initial angles of the ROM for faster training protocols. In contrast, larger MVIC

ments at the end of the ROM would be observed for slower training protocols.",main effect,"Results of relative change in MVIC showed only significant effects for group (F3, 36 = 4.78; p = 0.007; η2 = 0.121) and angle (F6, 216 = 4.81; p < 0.001; η2 = 0.063)",6,216,4.81,p < 0.001,0.001,0.001,0,Reproduced,"F(6, 216) = 4.81, p = 0.00100"
16,"No effect of transcranial direct current stimulation of frontal, motor or visual cortex on performance of a self-paced visuomotor skill","it was hypothesised that frontal stimulation would have beneficial effects for both golf putting performance and QE duration, due to facilitation of executive areas involved in attentional control (Corbetta & Shulman, 2002).",main effect,"To examine the effect of stimulation group on golf putting perfor- mance a 4 (group) x 2 (condition) ANCOVA was conducted on radial error scores, no effect of group, F(3,66) = 2.09, p = .11, η2 = 0.053,",3,66,2.09,p = 0.11,0.11,0.11,0.11,Reproduced,"F(3, 66) = 2.09, p = 0.11000"
17,Integrating visual trajectory and probabilistic information in baseball batting,i) Batting performance would be significantly better for later occlusion times.,main effect,"The ANOVA performed on these data revealed a significant main effect of occlusion time, F(2, 38) = 34.9, p < 0.001, η2p = .65. For both the 0.5 and 0.65 probability conditions the proportion of hits was significantly higher for the 150 ms occlusion time as compared to 50 ms, t(19) = 9.8, p < 0.001, d = 2.6 and t(19) = 7.2, p < 0.001, d = 1.9.",2,38,34.9,p < 0.001,0.001,0.001,0,Reproduced,"F(2, 38) = 34.9, p = 0.00100"
22,The effects of fatiguing exercise and load carriage on the perception and initiation of movement,We hypothesized that fatigue and load carriage would negatively affect both accuracy (decreased) and initiation times (increased) for affordance perception.,interaction effect,"A repeated measures ANOVA (Figure 2) showed no significant interaction of exercise intensity and load carriage on RT (F (2.7,59.8) = 0.390, p = 0.82)",2.7,59.8,0.39,p = 0.82,0.82,0.82,0.74,Not reproducible but compatible,"F(2.7, 59.8) = 0.39, p = 0.82000"
25,Effects of Adding Post-Workout Microcurrent in Males Cross Country Athletes,We hypothesised that combining microcurrent with endurance training induces additional performance benefits when compared to the training intervention alone (sham group).,main effect,"Both groups similarly increased MAS with no significant difference between groups Group: F(1,16)=0.03, p=0.876, η2=0.01",1,16,0.03,p = 0.876,0.876,0.876,0.865,Not reproducible but compatible,"F(1, 16) = 0.03, p = 0.87600"
27,L-Arginine Improves Endurance to High-Intensity Interval Exercises in Overweight Men,"hypothesized that such men receiving supplementation with L-arginine would have an enhanced exercise tolerance through HIIE (Álvares et al., 2012; Bailey et al., 2010; McKnight et al.,

2010), as measured by various markers of ventilatory function.",main effect,"The VE significantly increased during HIIE regardless of which supplement was consumed, F(24, 504)=68.56, p=.0001, ES= 0.76.",24,504,68.56,p = 0.0001,0.0001,0.0001,0,Not reproducible but compatible,"F(24, 504) = 68.56, p = 0.00010"
29,The Acute Physiological and Perceptual Effects of Individualizing the Recovery Interval Duration Based Upon the Resolution of Muscle Oxygen Consumption During Cycling Exercise,"Itwas hypothesized that the IND recovery duration would increase work interval power

output (PO) resulting in a greater acute physiological response during

the work intervals when compared with the STD recovery duration.",main effect,"No main effect of recovery duration F = 1.95, p = 0.18, n2p = 0.12",1,15,1.95,p = 0.18,0.18,0.18,0.18,Reproduced,"F(1, 15) = 1.95, p = 0.18000"
32,"Acute Effect of Drop-Set, Traditional, and Pyramidal Systems in Resistance Training on Neuromuscular Performance in Trained Adults","Because the strategy adopted in RT session affects neuromuscular

responses (17,20), we hypothesized that lower- and

upper-limb performance will be impaired after RT session;",main effect,"for group (F(2,34) = 7.878, p 5 0.002)",2,34,7.878,p = 0.002,0.002,0.002,0.002,Reproduced,"F(2, 34) = 7.878, p = 0.00200"
40,Exercise and Protein Effects on Strength and Function with Weight Loss in Older Women,"We hypothesized that although all treat- ments would confer favorable effects on weight status, body composition, and LEPF, the higher protein diet combined with exercise group would experience the greatest benefit in all out- comes of interest, especially LEPF, compared with the con- ventional protein control diet with exercise or protein diet alone groups.",interaction effect,"Group–time interactions were significant for all physical function variables (UPGO: F(3.1, 86.3) = 4.4, P < 0.01, η2 = 0.136;",3.1,86.3,4.4,P < 0.01,0.01,0.01,0.006,Not reproducible but compatible,"F(3.1, 86.3) = 4.4, p = 0.01000"
41,The effects of coaches’ emotional expressions on players’ performance: Experimental evidence in a football context,We further predicted that expressed pride would benefit players’ performance.,interaction effect,"For original time, or the interaction (F1, 26 = 0.15, p = .70, η2p = 0.006)",1,26,0.15,p = 0.70,0.7,0.7,0.702,Reproduced,"F(1, 26) = 0.15, p = 0.70000"
42,Different task success criteria affect expectancies of success but do not improve golf putting performance,"Third, task performance and learning will improve with increased expectations of success and will decline when expectations of success are low.",interaction effect,"the interaction, F (4, 52) = 1.1, p = .37, ƞ2p = .08, power = .32, was not found to be significant",4,52,1.1,p = 0.37,0.37,0.37,0.366,Reproduced,"F(4, 52) = 1.1, p = 0.37000"
45,Superior performance improvements in elite cyclists following short-interval vs effort-matched long-interval training,we hypothesized that short intervals would result in su- perior improvements in the performance indicators as well as in the 20-minute cycling performance test.,main effect,"There was a larger (F = 14.43, P < .01; ES d = 0.67) percentage improvement in mean power output during the 20-minute test in SI than LI",1,15,14.43,p < 0.01,0.01,0.01,0.002,Not reproducible but compatible,"F(1, 15) = 14.43, p = 0.01000"
55,Effects of eccentric training at long-muscle length on architectural and functional characteristics of the hamstrings,we hypothesized that the aforementioned eccentric training in a lengthened position would (a) increase fascicle length of the BFlh,interaction effect,"A significant interaction (time × group) effect was observed for fascicle length (F = 9.881, P = .004). Post-hoc testing revealed significant increase in fascicle length (+6.9%; P < .01; d = 1.12) in BFlh in the intervention group, while no significant changes were observed in the control group (P = .40-.42; d = 0.05-0.06).",1,39,9.881,p = 0.004,0.004,0.004,0.0032,Not reproducible but compatible,"F(1, 39) = 9.881, p = 0.00400"
58,Comparison of balance performance between masters Olympic weightlifters and runners,"We hypothesized that the weightlifters would demonstrate better balance than the runners,

particularly under assessment conditions with visual inputs unavailable (ie, eyes closed).",main effect,"The two exercise groups demonstrated different balance proficiency (Figure 1) depending upon the vision/support surface condition (F3,258 = 3.6, P = .015, η2 p = 0.04).",3,258,3.6,p = 0.015,0.015,0.015,0.014,Incorrectly rounded,"F(3, 258) = 3.6, p = 0.01500"
64,Airflow restriction mask induces greater central fatigue after a non-exhaustive high-intensity interval exercise,"We hypothesized that wearing an ARM would cause a greater reduction in the SpO2 and blood pH, and a greater increase in the HR, plasma lactate concentration, dyspnea,

P-RPE, TEA, and greater end-exercise peripheral and central fatigue.",interaction effect,"There was a condition-moment interaction (F[1,13] = 9.2, p = 0.01) for MVC",1,13,9.2,p = 0.01,0.01,0.01,0.01,Reproduced,"F(1, 13) = 9.2, p = 0.01000"
65,Runners with mid-portion Achilles tendinopathy have greater triceps surae intracortical inhibition than healthy controls,"We hypothesized that runners with chronic mid-portion AT would present with greater levels of cortical inhibition in the triceps surae and lower plantar flexor isometric peak torque, RTD, and number of SLHR than controls.",main effect,"Triceps surae SICI was 14.3% (95%CI: -2.1 to 26.4; F=5.271, p=0.032, η2p=0.201) higher in AT than in controls (57.9%, 95%CI: 36.2 to 79.6; and 43.6%, 95%CI:16.2 to 71.1)",1,22,5.271,p = 0.032,0.032,0.032,0.032,Reproduced,"F(1, 22) = 5.271, p = 0.03200"
66,Effects of 16 weeks of pyramidal and polarized training intensity distributions in well-trained endurance runners,"Our hypothesis was that, consistent with the training cycles typically used by elite endurance athletes,7 switching from pyramidal to polarized TID in the final phase of a training period would result in higher performance improvements compared to maintaining the same distribution (pyramidal or polarized) or switching from polarized to pyramidal TID.",interaction effect,"an interaction group × time (F(6, 112) = 5.2; p = 0.0001;  2 p = 0.22) for the time trial performance",6,112,5.2,p = 0.0001,0.0001,0.0001,0.0001,Reproduced,"F(6, 112) = 5.2, p = 0.00010"
67,"No thermoregulatory or ergogenic effect of dietary nitrate among physically inactive males, exercising above gas exchange threshold in hot and dry conditions","We hypothesised that the dry, hot conditions, coupled with the higher exercise intensity, would reveal the beneficial effects of NO3- supplementation on evaporative cooling, dry heat losses and metabolic cost of untrained participants.",interaction effect,"Tskin increased with time (F(9,90) = 7.179, P < 0.001), without condition effects (F(1,10) = 0.796, P = 0.096) or an interaction with time (F(9,90) = 0.122, P = 0.099) (Figure 1B).",9,90,0.122,p = 0.099,0.099,0.099,0.99,Not reproducible but compatible,"F(9, 90) = 0.122, p = 0.09900"
68,Effect of glucose and sodium chloride mouth rinses on neuromuscular fatigue: a preliminary study,In this study it was hypothesised that both glucose and NaCl would improve MVC post cycling as compared to water.,interaction effect,"For MVC, two-way ANOVA showed a significant interaction effect (F2, 27 = 7.412, p = 0.0027)",2,27,7.412,p = 0.0027,0.0027,0.0027,0.0027,Reproduced,"F(2, 27) = 7.412, p = 0.00270"
80,Effect of ambient temperature on fat oxidation during an incremental cycling exercise test,"We hypothesised that the fat oxidation-exercise intensity curve would be shifted downwards in the heat when compared to a temperate environment, producing notable reductions in MFO and in Fatmax.",main effect,"There was a main effect of the environment on fat oxidation rate (F = 9.35, P = 0.014)",1,11,9.35,p = 0.014,0.014,0.014,0.0109,Not reproducible but compatible,"F(1, 11) = 9.35, p = 0.01400"
81,What do you hear? The effect of stadium noise on football players’ passing performances,"Highly skilled sub-elite level football players’ passing performance scores and times (i.e., passing accuracy and passing time) will significantly decrease under stadium noise conditions compared to playing under a ‘baseline’ condition.",main effect,"The MANOVA revealed no significant main effect of passing accuracy score (H1), F(3,43) = .322, p = .809,",3,43,0.322,p = 0.809,0.809,0.809,0.809,Reproduced,"F(3, 43) = 0.322, p = 0.80900"
83,"p-Synephrine, the main protoalkaloid of Citrus aurantium, raises fat oxidation during exercise in elite cyclists","We hypothesised that acute p-synephrine ingestion would enhance fat oxidation during a graded exercise protocol, particularly at low-to-moderate exercise intensities, with no effect on energy expenditure.",main effect,"there was a main effect of p-synephrine to increase the rate of fat oxidation over the placebo (F=5.1, P=0.04)",1,14,5.1,p = 0.04,0.04,0.04,0.04,Reproduced,"F(1, 14) = 5.1, p = 0.04000"
86,Plyometric training increases gross motor coordination and associated components of physical fitness in children.,Our hypothesis was that plyometric training would improve performance in physical fitness and gross motor coordination tests.,interaction effect,"Figure 1. Interaction effect (F=6.07), p < 0.05",1,114,6.07,p < 0.05,0.05,0.05,0.015,Not reproducible but compatible,"F(1, 114) = 6.07, p = 0.05000"
87,Tissue flossing of the thigh increases isometric strength acutely but has no effects on flexibility or jump height,"we hypothesized an increase in ROM, MVC, and CMJ height",interaction effect,The two-way repeated-measures ANOVA test for hip ROM showed no interaction effect (P = 0.58; F = 0.32; df =15; η2=0.02),1,15,0.32,p = 0.93,0.93,0.93,0.58,Not reproducible but compatible,"F(1, 15) = 0.32, p = 0.93000"
88,Learner-adapted practice promotes skill transfer in unskilled adults learning the basketball set shot,"Given that the assigned task challenge would match the individual’s relative task difficulty, it was hypothesised that learner-adapted practice would lead to a greater proportion of skill repetitions performed at shooting locations of greater difficulty (i.e. greater distance and angle to basket). As a result, it was predicted that participants engaging in learner-adapted practice would demonstrate poorer performance throughout practice, compared to both blocked and random practice",main effect,"Analysis revealed a significant effect of shooting location on the number of trials executed, F (3,33) = 73.03, p < .05, n2p = .90.",3,33,73.03,p < 0.05,0.05,0.05,0,Not reproducible but compatible,"F(3, 33) = 73.03, p = 0.05000"
90,"Dim light, sleep tight, and wake up bright – Sleep optimization in athletes by means of light regulation","It was hypothesized that compared to a fixed sleep schedule only, carefully timed morning-light exposure and blue-light blocking in the evening, would improve (1) objective, actigraphy-based measures of sleep onset latency,",main effect,None of the actigraphy-based sleep estimates differed significantly between conditions (all p’s > .07),1,7,0.005,p = 0.944,0.944,0.944,0.946,Incorrectly rounded,"F(1, 7) = 0.005, p = 0.94400"
100,Caffeinated Chewing Gum Improves Bicycle Motocross Time-Trial Performance,It was hypothe- sized that CAF would improve TT time and power production.,main effect,"There was a significant condition effect on TT time F(1, 14) = 33.570, p = .001, η2p = .71; −1.5% ± 0.4 following CAF consumption compared with placebo.",1,14,33.57,p = 0.001,0.001,0.001,0,Not reproducible but compatible,"F(1, 14) = 33.57, p = 0.00100"
111,Altered Position Sense after Submaximal Eccentric Exercise–inducing Central Fatigue,We hypothesized that the submaximal eccentric fatiguing protocol would induce an acute central fatigue that would be associated with position sense alterations immediately after the exercise,main effect,"significant increase in position- matching errors was found for the JPM70 task (F3, 36 = 3.86, P = 0.017, η2p = 0.24)",3,36,3.86,0.017,0.017,0.017,0.017,Reproduced,"F(3, 36) = 3.86, p = 0.01700"
112,Athlete–Opponent Interdependency Alters Pacing and Information-Seeking Behavior,"It was hypothesized that a higher interdependency between athlete and opponent would evoke different pacing decisions, in response to the opponent’s pacing behavior, and would alter the information-seeking behavior of the exerciser.",interaction effect,"An interaction effect for condition–segment (F = 2.3, P = 0.042) was revealed, indicating differences in pacing profile between conditions",6,66,2.3,P = 0.042,0.042,0.042,0.0446,Not reproducible but compatible,"F(6, 66) = 2.3, p = 0.04200"
123,Continuous Jumps Enhance Twitch Peak Torque and Sprint Performance in Highly Trained Sprint Athletes,The main hypothesis is that the CA will induce PAP on the quadriceps muscles and positively affect the performance of subsequent sprints (PAPE).,interaction effect,"For the 30-m sprint performance (Figure 3B), analysis of variance showed a condition×time interaction (P<.01; F= 3.61).",5,55,3.61,p < 0.01,0.01,0.01,0.007,Not reproducible but compatible,"F(5, 55) = 3.61, p = 0.01000"
126,Effect of Resistance-Training Programs Differing in Set Configuration on Maximal Strength and Explosive-Action Performance,"we hypothesized that the gains in BP1RM, BPT30, and HTV would be comparable for both experimental groups (traditional group [TRG] and rest redistribution group [RRG]) in comparison with a control group (CG).",interaction effect,"The ANOVA applied on BP1RM revealed a significant time × group interaction (F2,32 = 14.4, P < .01, η2p = .474, statistical power = 1.00) due to higher values at posttest compared with pretest for TRG (P < .01; ES = 0.77; 95% CI, 0.39 to 1.25) and RRG (P < .01; ES = 0.59; 95% CI, 0.27 to 0.98) but not for CG (P = .66; ES = −0.03; 95% CI, −0.33 to 0.26).",2,32,14.4,p < 0.01,0.01,0.01,0,Not reproducible but compatible,"F(2, 32) = 14.4, p = 0.01000"
128,Does Cold-Water Immersion After Strength Training Attenuate Training Adaptation?,We hypothesized that regular CWI would lead to reduced adaptations of leg press 1-repetition maximum (1RM) and countermovement jump (CMJ) height.,interaction effect,"No significant effects were found for strength performance (condition: F = 0.18, P = .86; time: F = 1.15, P = .34; condition × time: F = 2.66, P = .09)",2,20,2.66,p = 0.09,0.09,0.09,0.09,Reproduced,"F(2, 20) = 2.66, p = 0.09000"
134,Indirect Markers of Muscle Damage Throughout the Menstrual Cycle,"We hypothesize that muscle damage is lower when the estrogen concentration is higher, as it is observed in LFP.",interaction effect,"an interaction between phase and time(F2,44=3.098;P= .046) was observed",2,44,3.098,0.046,0.046,0.046,0.055,Incompatible,"F(2, 44) = 3.098, p = 0.04600"
138,Effect of Stretching Protocols on Glenohumeral-Joint Muscle Activation in Elite Table Tennis Players,The main hypothesis considers that muscle activation decreases after static stretching when compared with the dynamic-stretching protocol in both tennis movements.,main effect,The statistical analysis for EMG amplitude indicated that there were significant differences in the backhand (F = 12.859; P = .035),4,92,12.859,p = 0.035,0.035,0.035,0,Not reproducible but compatible,"F(4, 92) = 12.859, p = 0.03500"
141,Single and Combined Effect of Acute Sleep Restriction and Mental Fatigue on Basketball Free-Throw Performance,The authors hypothesized that there would be a significant decrement in FT accuracy when players are mentally fatigued and forced into acute SR.,main effect,"There was a significant difference between conditions for FT performance (F1,18 = 4.177, P = .010, η2p = .19, medium). FT accu- racy was higher in CON than in MF (P = .015, d = 0.41, small), SR (P = .021, d = 0.43, small), and SRMF (P = .019, d = 0.41, small), with a decline in performance of approximately 7% in all 3 con- ditions.",1,18,4.177,p = 0.01,0.01,0.01,0.056,Incompatible,"F(1, 18) = 4.177, p = 0.01000"
142,The Influence of Intensive Anaerobic Effort on the Rhythm of Movement,"We hypothesize that high-intensity anaerobic exercise, which induces the highest fatigue changes, significantly deteriorates the ability of whole-body timing performance",main effect,"Statistically significant differ-ences were observed in XfUAPbetween thefirst and third rhythmmeasurement (F2,28=4.98,P<.014,η2p=26.23%)",2,28,4.98,P<.014,0.014,0.014,0.014,Reproduced,"F(2, 28) = 4.98, p = 0.01400"
145,The effect of descriptive norms and social identification on performance and exertion during a physical fitness task,participants who were told that their baseline performance was below the norm would demonstrate greater improvements in their performance (H1a) than participants who were told that their baseline performance was above the norm.,interaction effect,"Supporting H1a, there was also a significant condition × time interaction: F(1,76) = 4.47, p = 0.038, ηp 2 = 0.056,",1,76,4.47,p = 0.038,0.038,0.038,0.038,Reproduced,"F(1, 76) = 4.47, p = 0.03800"
146,Effect of concurrent strength and endurance training on run performance and biomechanics: A randomized controlled trial,CSE training group would improve running performance more than the control group.,unclear,"CSE training improved 2-km running performance more than the control group (F(1,25) = 9.22, p = 0.006; SMD −1.19 [−1.99, −0.39]; Figure 2)",1,25,9.22,p = 0.006,0.006,0.006,0.006,Reproduced,"F(1, 25) = 9.22, p = 0.00600"
152,Running economy in recreational male and female runners with similar levels of cardiovascular fitness,"We hypothesized that, within a given percent difference from predicted V ̇O2max values, women would exhibit greater running economy than men.",interaction effect,"Follow-up analyses revealed that both parameters increased progressively in transition between running speeds (P < 0.05). However, although the magnitude of increase in this parameter was similar between sexes without scaling, this was not sustained after V ̇O2 was scaled allometrically (speed 􏰉 sex interaction: F 􏰈= 4.1, P 􏰈= 0.04).",2,84,4.1,p = 0.04,0.04,0.04,0.02,Not reproducible but compatible,"F(2, 84) = 4.1, p = 0.04000"
155,The effect of leg preference on mechanical efficiency during single-leg extension exercise,the PL would exhibit greater submaximal mechanical efficiency during exercise executed at absolute and relative submaximal workloads;,main effect,"During exercise executed at 35 W, gnet was significantly greater in PL (Table 1; F = 6.1, p = 0.00012)",1,13,6.1,p = 0.00012,0.00012,0,0.028,Not reproducible but compatible,"F(1, 13) = 6.1, p = 0.00012"
160,Intermittent short-arm centrifugation is a partially effective countermeasure against upright balance deterioration following 60-day head-down tilt bed rest,"It was hypothesized that daily exposure to AG, either in a single long or multiple intermittent bouts, would mitigate the deterioration of standing balance quality and delayed APAs of the trunk muscles provoked by 60-day grav- itational unloading through HDT bed rest.",interaction effect,"A significant Time x Group interaction was found for Sway frequency power CoPy (F2,21 = 6.35; P = 0.007, g2 partial = 0.38)",2,21,6.35,P = 0.007,0.007,0.007,0.007,Reproduced,"F(2, 21) = 6.35, p = 0.00700"
166,"Effects of music tempo on perceived exertion, attention, affect, heart rate, and performance during isometric strength exercise","fast-tempo and slow-tempo music conditions will result in more dissociative attention, increased pleasantness and arousal, lower RPE scores, and a longer wall-sit and plank-hold compared to the no-music condition.",main effect,"There was no main effect of experimental condition on time to volitional exhaustion for the wall-sit, F(2, 60) = 0.81, p = .449, η2 = .02,",2,60,0.81,p = 0.449,0.449,0.449,0.4497,Incorrectly rounded,"F(2, 60) = 0.81, p = 0.44900"
179,High Cognitive Effort Prior to Velocity-Based Training Sessions Reduces Rate of Force Development but Not Maximum Strength Gains in Untrained Male Adults,We hypothesized that repeated high cognitive effort before velocity-based training sessions may cause reduced gains in RFD but might promote similar gains for 1RM and CMJ compared to a control group.,interaction effect,"A significant group × time interaction effect was found for the average RFD at 0–250ms (Figure 3; F(4,128)=18.22, p=0.001, ηp2=0.40, ES=very large)",4,128,18.22,p = 0.001,0.001,0.001,0,Not reproducible but compatible,"F(4, 128) = 18.22, p = 0.00100"
181,Effects of aging on conditional visuomotor learning for grasping and lifting eccentrically weighted objects,we hypothesized that older adults will fail to use arbitrary color cues about object CM location to modulate their digit position in an anticipatory manner,interaction effect,"Older adults failed to use the correct modulation of index finger and thumb based on the arbitrary color cues about object CM location when compared with young adults (Group CM interaction: F1.09., 19.62 = 12.89, P = 0.002; gp2 = 0.42)",1.09,19.62,12.89,p = 0.002,0.002,0.002,0.002,Reproduced,"F(1.09, 19.62) = 12.89, p = 0.00200"
189,Optimised force-velocity training during pre-season enhances physical performance in professional rugby league players,"force-velocity optimised training resulted in a greater magnitude of improvement in 3RM squat, sprint acceleration performance, SJ height,

peak power, and reduction in FVimb.",main effect,"Changes in 3RM squat across the training programme are presented in Figure 2. There was a group effect (F(1,26) = 12.72, P = 0.001), with greater values in the OP group postintervention (95% CI [1.76, 6.56] P = 0.001, Figure 2). Pre-post effect sizes for the OP group versus the GP group were 0.47 (CI [−1.05, 0.16]) vs 0.26 (CI [−0.89, 0.36]).",1,26,12.72,p = 0.001,0.001,0.001,0.001,Reproduced,"F(1, 26) = 12.72, p = 0.00100"
192,Isometric exercise and pain in patellar tendinopathy: A randomized crossover trial,The primary hypothesis is that isometric exercise will induce greater pain reduction during a pain aggravating activity in comparison to dynamic exercises.,interaction effect,"In the ANOVA there was no significant interaction between mode of exercise and time on NRS scores of pain during SLDS (F(238) = 0.6, p = 0.561, partial 􏰂2 = 0.03; Fig. 2; Table 2).",2,38,0.6,p = 0.561,0.561,0.561,0.554,Not reproducible but compatible,"F(2, 38) = 0.6, p = 0.56100"
195,A passive increase in muscle temperature enhances rapid force production and neuromuscular function in healthy adults,It was hypothesised that the elevated Tc would conceal the rapid contraction force response after heat exposure.,interaction effect,Significant interaction (time vs. water immersion condition) was observed for RTDV50 (p = 0.01),1.37,19.21,6.93,p = 0.01,0.01,0.01,0.01,Reproduced,"F(1.37, 19.21) = 6.93, p = 0.01000"
196,Kinesiology tape length and ankle inversion proprioception at step-down landing in individuals with chronic ankle instability,"We hypothesized that: individuals with CAI may benefit from KT, and the effects may depend on the length of tape applied; while individuals without CAI may not benefit from the application of KT.",main effect,"and that there was a significant KT main effect (F = 7.489, p < 0.001), suggesting that, overall, KT significantly improved ankle inversion proprioception in landing (Table 2).",1,28,7.489,p < 0.001,0.001,0.001,0.011,Not reproducible but compatible,"F(1, 28) = 7.489, p = 0.00100"
197,A comparison of heat acclimation by post-exercise hot water immersion and exercise in the heat,"post-exercise HWI would accelerate the speed of adaptation compared to EHA, and that the benefits of EHA beyond that of TNE would be modest.",main effect,"A two-way mixed model ANCOVA, with baseline as the covariate, detected a main effect of group for end-exercise Tre (f = 5.299, p = 0.013, Fig. 2B)",2,23,5.299,p = 0.013,0.013,0.013,0.013,Reproduced,"F(2, 23) = 5.299, p = 0.01300"
201,The effect of acute and repeated ischemic preconditioning on recovery following exercise-induced muscle damage,It was hypothesised that repeated IPC would attenuate the markers of EIMD during recovery in healthy recreational males to a greater extent than acute IPC and a control group.,interaction effect,"there was an effect of time for MVIC (P < 0.05) and an interaction between time and group (F(8,80) = 2.31, P = 0.027), with higher (P < 0.05) values demonstrated in the repeated IPC group at 24-h, 48-h and 72-h (90.4 ± 7.0 %, 101.5 ± 8.4% and 103.1 ± 4.7%, respectively) compared to the sham (81.4 6.7 %, 84.4 ± 7.0% and 89.7 ± 7.1%, respectively).",8,80,2.31,P = 0.027,0.027,0.027,0.028,Incorrectly rounded,"F(8, 80) = 2.31, p = 0.02700"
206,Psychological responses to HIIT and MICT over a 2-week progressive randomized trial among individuals at risk of type 2 diabetes,"in-task affect would be less pleasurable during HIIT in comparison to MICT, but enjoyment of HIIT would be greater than MICT.",main effect,"Significant main effects of time [F(3, 276) = 24.93, p < .001, η2 = .213] and group [F(1, 92) = 11.76, p = .001, η2 = .113] were observed, with participants in MICT reporting higher affective attitudes than those in HIIT throughout the intervention.",1,92,11.76,p = 0.001,0.001,0.001,0.001,Reproduced,"F(1, 92) = 11.76, p = 0.00100"
208,High vibration frequency of soft tissue occurs during gait in power-trained athletes,"(1) The lower extremity soft tissue compartment (rectus femoris, RF and gastrocnemius

medialis, GMS) vibration frequencies acquired from

power-trained athletes are significantly higher than those

acquired from non-power-trained athletes.",main effect,"The main effects for the group factor in the RF (F0.95(1,22) = 63.357, p < 0.001, η2 = 0.687, power = 0.999)",1,22,63.357,p < 0.001,0.001,0.001,0,Reproduced,"F(1, 22) = 63.357, p = 0.00100"
210,Effects of Nordic hamstring exercise combined with glider exercise on hip flexion flexibility and hamstring passive stiffness,"Based on the findings of previous studies, we postulated that isoinertial eccentric training at long muscle length would increase maximal ROM and reduce passive resistive torque.",interaction effect,"A significant interaction (time × group) effect was found for maximal passive ROM (F = 34.32, p < 0.001). Post-hoc testing revealed a significant increase in the intervention group for maximal passive ROM (11.2%; p < 0.001; d = 1.55), while no significant changes were observed in the control group (p = 0.46; d = 0.19).",1,32,34.32,p < 0.001,0.001,0.001,0,Reproduced,"F(1, 32) = 34.32, p = 0.00100"
212,Attenuation of stress-induced cardiovascular reactivity following high-intensity interval exercise in untrained males,"a single session of HIIE is effective at lowering cardiovascular reactivity in response

to a stress challenge, and that the magnitude of the lowering effect is greater than that produced by moderate-intensity exercise.",main effect,"Univariate ANCOVA ( ling for pre-CPT values) indicated that there were significant effects of experimental conditions on SBP (F(3, 35) = 5.61, p = 0.008, η2 = 0.24), Post-hoc analyses revealed that ing HIIE resulted in lower SBP (p = 0.009), DBP (p = 0.010) and MAP (p = 0.014) responses during CPT compared to CON. SBP responses during CPT were also lower in MIE (p = 0.044) pared to CON.",3,35,5.61,p = 0.008,0.008,0.008,0.003,Not reproducible but compatible,"F(3, 35) = 5.61, p = 0.00800"
226,The Effects of Transcranial Direct Current Stimulation on Chronic Ankle Instability,"We hypothesized that although eccentric training would contribute to improvements across all participants, the individuals receiving aTDCS could demonstrate earlier, greater, and more durable improvements in outcome variables",interaction effect,"There was a significant time–group interaction effect for DPSI ( F [3,60] = 2.952; P = 0.040; η 2 p = 0.129)",3,60,2.952,P = 0.040,0.04,0.04,0.04,Reproduced,"F(3, 60) = 2.952, p = 0.04000"
228,The effects of acute resistance exercise on young and older males' working memory*,We hypothesized that working memory performance can be facilitated by acute bouts of moderate intensity RE.,interaction effect,"the interaction of Treatment by Time (F(1,19) = 21.59, p < .001, partial n2 = 0.53) were also significant",1,19,21.59,p <0.001,0.001,0.001,0,Reproduced,"F(1, 19) = 21.59, p = 0.00100"
230,Effects of visualized PETTLEP imagery on the basketball 3-point shot: A comparison of internal and external perspectives,"intermediate skill basketball players would benefit from visualized PETTLEP imagery after training with both internal and external imagery. Further, because intermediate skill basketball players have experience in the 3-point shot we hypothesized

that the internal PETTLEP imagery group would perform better

than the external imagery group.",interaction effect,"The 2 by 2 mixed design ANOVA analyses showed a significant group × time interaction on 3-point shot scores, F (2, 46) = 7.90, p = .001, η2 = 0.256, as Table 1 and Fig. 2 illustrate.",2,46,7.9,p = 0.001,0.001,0.001,0.001,Reproduced,"F(2, 46) = 7.9, p = 0.00100"
231,The effects of mindfulness training on beginners' skill acquisition in dart throwing: A randomized controlled trial,"mindfulness, experiential acceptance, flow, and dart throwing performance in the mindfulness training group would be significantly higher than the attention control group immediately-after and two-weeks after the intervention",interaction effect,"Repeated measure ANOVA of dart throwing performance revealed a significant time by group interaction effect of the, F (2, 40) = 6.83, p = 0.003, n2 = 0 .26",2,40,6.83,p = 0.003,0.003,0.003,0.003,Reproduced,"F(2, 40) = 6.83, p = 0.00300"
232,Prior self-control exertion and perceptions of pain during a physically demanding task,"engaging in a cognitively demanding task previously shown to require self-control (i.e., an incongruent Stroop task) would result in poorer performance (hypothesis

1)",main effect,"The results revealed that there was a significant main effect for experimental trial on wall sit performance (F(1,60) = 7.62, p = 0.01, r = 0 .78).",1,60,7.62,p = 0.01,0.01,0.01,0.01,Reproduced,"F(1, 60) = 7.62, p = 0.01000"
233,Higher power of sensorimotor rhythm is associated with better performance in skilled air-pistol shooters,"Based on previous findings, we expected that lower activation of the sensorimotor cortex, as reflected by higher SMR power, would be associated with better performance.",interaction effect,"Two-way ANOVA with the factors of performance (2) and time window (3) revealed a significant interaction effect, F(2, 46) = 3.224, p = 0.049, np2 =  0.123.",2,46,3.224,p = 0.049,0.049,0.049,0.049,Reproduced,"F(2, 46) = 3.224, p = 0.04900"
234,"Worksite intervention effects on motivation, physical activity, and health: A cluster randomized controlled trial","a need-supportive group-based PA intervention (relative to a standard control condition) would lead to increases in regular PA and CRF, as well as improvements in biomedical outcome variables related to health (i.e., reduced systolic and diastolic BP, waist circumference, increased HDL-C, and lower non- HDL-C levels).",interaction effect,"Treatment x time effect F 18.14, p = 0.000, d = 0.49",1,141,18.14,P = 0.000,0,0,0,Reproduced,"F(1, 141) = 18.14, p = 0.00000"
235,"The effects of facial expression and relaxation cues on movement economy, physiological, and perceptual responses during running","RE would be improved (i.e., lower VO2) and heart rate reduced during smiling in comparison with frowning and control.",main effect,"RM-ANOVA revealed a difference in VO2 between conditions, F (3, 69) = 5.88, p  = 0.001. Mean VO2 (Table 2 and Fig. 1) was lower during smiling than frowning (Mean difference, [MD] ¼ 0.94 ml/ min/kg, p ¼ 0.006, d¼0.23) and control (MD¼0.76 ml/min/kg, p ¼ 0.040, d ¼ 0.19).",3,69,5.88,p = 0.001,0.001,0.001,0.001,Reproduced,"F(3, 69) = 5.88, p = 0.00100"
236,The effects of competitiveness and challenge level on virtual reality rowing performance,"participants high in competitiveness were expected to row more metres, show higher power output, and exert greater physiological effort than those low in competitiveness",interaction effect,"A significant main effect of epoch was found for all performance measures, all Fs > 9.56, all ps < .001, all ηp 2 > .13, showing a general decline in performance across time before stabilising in the last 3 min. However, the trend across epochs differed across challenge level groups, as reflected in a significant challenge level×epoch interaction for distance, F (2, 153)=5.07, p=.004, ηp 2=.08,",2,153,5.07,p = 0.004,0.004,0.004,0.0074,Incorrectly rounded,"F(2, 153) = 5.07, p = 0.00400"
237,Enhancing performance expectancies through positive comparative feedback facilitates the learning of basketball free throw in children,positive comparative feedback group would demonstrate higher learning of the task than the control group.,main effect,"Punctuation scores were significantly higher for the PF group compared with the control group on the transfer test, F (1, 24)=4.86, p=.037, ηp 2=0.168 (Fig. 1)",1,24,4.86,p = 0.037,0.037,0.037,0.037,Reproduced,"F(1, 24) = 4.86, p = 0.03700"
239,Intensity and workload related dose-response effects of acute resistance exercise on domain-specific cognitive function and affective response – A four-armed randomized controlled crossover trial,exercise intensity and workload are related to the effect on lower or higher cognitive function,main effect,Repeated measures ANCOVAs revealed no effects of exercise re- gimes on post to pre changes of Stroop I (F(3)=0.936; p=0.428; η2p=0.039),3,24,0.936,p = 0.428,0.428,0.428,0.439,Not reproducible but compatible,"F(3, 24) = 0.936, p = 0.42800"
241,The acute effects of analogy and explicit instruction on movement and performance,"reduced accuracy, greater joint angle variability, slower angular velocity, and longer throw times would suggest more active manipulation of the instructions in working memory in line with Fitts

and Posner’s three-stage cognitive framework for motor learning (1967) and associated models of choking, such as Masters’ (1992) conscious processing hypothesis.",main effect,"A two-way repeated-measures analysis of variance (ANOVA) did not reveal a significant main effect of instruction type on accuracy, F(1, 19)=0.421, p=.524, ƞ2p =.02,",1,19,0.421,p = 0.524,0.524,0.524,0.524,Reproduced,"F(1, 19) = 0.421, p = 0.52400"
242,Effect of exposure time to smartphone apps on passing decision-making in male soccer athletes,higher exposure time to smartphone applications leads to higher impairment in passing decision making in professional soccer athletes.,main effect,"Effect of exposure time to smartphone F = 30.5 p = 0.001, h2 = 0.7",3,57,30.5,p = 0.001,0.001,0.001,0,Not reproducible but compatible,"F(3, 57) = 30.5, p = 0.00100"
243,Mental fatigue impairs visuomotor response time in badminton players and controls,We hypothesized that mental fatigue would negatively affect performance on the visuomotor task in controls,interaction effect,"an interaction between the effects of condition and time was present (condition x time; F(1,19) = 10.0; p = 0.005)",1,19,10,p = 0.005,0.005,0.005,0.005,Reproduced,"F(1, 19) = 10, p = 0.00500"
244,Approach-achievement goals and motivational context on psychophysiological functioning and performance among novice basketball players,"1) pursuit of an OAp, relative to SAp and TAp goals, would lead to significantly reduced (1a) physiological functioning (e.g., higher HR & BP recordings)",interaction effect,"There were also significant two-way effects between context and time on HR, F (3, 324)=8.88, p < .001, η2=0.16",3,324,8.88,p < 0.001,0.001,0.001,0,Reproduced,"F(3, 324) = 8.88, p = 0.00100"
245,The effect of unilateral hand contractions on psychophysiological activity during motor performance: Evidence of verbal-analytical engagement,"we predicted that unilateral hand contractions would influence verbal-analytical engagement (i.e., inferred by changes in T7-Fz connectivity) during movement planning. Specifically, we predicted that the left-hand contractions would lower verbal analytical engagement during motor planning compared to right-hand and no-hand contractions, and that right-hand contractions would raise verbal-analytical engagement in motor planning compared to left-hand and no-hand contractions.",main effect,"The results revealed a main effect of Condition, F(2,48) = 122.5, p < .001, ηp 2 = 0.84. Post-hoc tests revealed that left-hand contractions led to significantly lower T7-Fz connectivity, than right-hand contractions (p < .001) or no-hand contractions (p < .001,",2,48,122.5,p < 0.001,0.001,0.001,0,Reproduced,"F(2, 48) = 122.5, p = 0.00100"
246,Specific internal and external attentional focus instructions have differential effects on rowing performance,"a focus on proximal external cues (i.e., focusing on the movement and exerted

force on the handle) would result in increased physical effort than a focus on distal external cues (i.e., sounds of the ergometer, movement of the seat).",interaction effect,"an attentional focus × epoch interaction, F(11, 704) = 4.85, ε = 0.45, p < .001, ηp 2 = 0.07.",11,704,4.85,p < 0.001,0.001,0.001,0,Reproduced,"F(11, 704) = 4.85, p = 0.00100"
247,OXYGEN UPTAKE SLOW COMPONENT AND THE EFFICIENCY OF RESISTANCE EXERCISES,"as V_O2sc increases in a prolonged constant-load test at LT intensity, work efficiency in resistance exercises such as HS should be reduced, and therefore, it would be plausible to propose a causal inverse relationship between the V_O2sc, energy expended (EE), and mechanical efficiency",main effect,"A significant slight and sustained increases of EE was identified (F6, 108 = 10.54, p , 0.001, h2 p = 0.369, SP = 1)",6,108,10.54,p < 0.001,0.001,0.001,0,Reproduced,"F(6, 108) = 10.54, p = 0.00100"
249,HOW TO SERVE FASTER IN TENNIS: THE INFLUENCE OF AN ALTERED FOCUS OF ATTENTION AND AUGMENTED FEEDBACK ON SERVICE SPEED IN ELITE PLAYERS,"an immediate performance-enhancing effect was expected for EF, AF, and AF + EF compared to CON.",main effect,"Repeated-measures ANOVA revealed a significant main effect of “condition” (Figure 2A; F4,36 = 5.54, h2 p = 0.38; p < 0.001)",4,36,5.54,p < 0.001,0.001,0.001,0.0014,Incorrectly rounded,"F(4, 36) = 5.54, p = 0.00100"
256,Evaluation of High-Intensity Interval Training and Beta-Alanine Supplementation on Efficiency of Electrical Activity and Electromyographic Fatigue Threshold,"We have hypothesized that EMGFT or work rate at which an individual could theoretically sustain for a prolonged duration without neuromuscular evidence of fatigue could be improved with anaerobic training or aerobic ergogenic supplements, such as HIIT and BA, respectively.",interaction effect,"Two-way mixed factorial results for EMGFT indicated there was no significant interaction for treatment group x time (F4,76 = 1.346; p = 0.26; effect size: partial eta-squared (h2p 50.066)",4,76,1.346,p = 0.26,0.26,0.26,0.261,Reproduced,"F(4, 76) = 1.346, p = 0.26000"
267,DOES INTRA-ABDOMINAL PRESSURE HAVE A CAUSAL EFFECT ON MUSCLE STRENGTH OF HIP AND KNEE JOINTS?,"hypothesize that IAP has a causal effect on muscle strength, at least of hip extensor and thereby an increase in IAP leads to an enhancement of muscle strength of hip extensor",main effect,"There was no significant main effect in the maximal torque of hip flexor (F = 1.972, p = 0.155, partial h2 = 0.104)",2,34,1.972,P = 0.155,0.155,0.155,0.155,Reproduced,"F(2, 34) = 1.972, p = 0.15500"
275,A randomised controlled trial of 1- versus 2-day per week formats of Nordic hamstring training on explosive athletic tasks in prepubertal soccer players,"We hypothesised that NHE training would result in improved performance in all the dependent variables and that the 1-day format would be just as effective as

the 2-day format.",interaction effect,"After the intervention, our analyses revealed significant group by time interactions for SLJ (df = 1, F = 12.194, p = 0.001, d = 1.27)",1,43,12.194,p = 0.001,0.001,0.001,0.001,Reproduced,"F(1, 43) = 12.194, p = 0.00100"
276,Caffeine reverts loss of muscular performance during the early-follicular phase in resistance-trained naturally menstruating women,"It was hypothesized that muscle strength, muscle power, and muscular endurance would decrease during the early-follicular phase, and caffeine ingestion would attenuate

this decline.",interaction effect,"There was a supplement and menstrual cycle phase interaction for jump height (F(1.13) = 6.33, ηp2 = 0.33, p = 0.026, Figure 3)",1,13,6.33,p = 0.026,0.026,0.026,0.026,Reproduced,"F(1, 13) = 6.33, p = 0.02600"
277,A distal external focus of attention facilitates compensatory coordination of body parts,We hypothesised that a distal external focus would result in higher accuracy scores as well as increased functional variability compared to a more proximal or internal focus,main effect,"F (2,38) = 21.43, p <.001  np2 0.53",2,38,21.43,p < 0.001,0.001,0.001,0,Reproduced,"F(2, 38) = 21.43, p = 0.00100"
279,Detrimental effects on executive function and mood following consecutive days of repeated highintensity sprint interval exercise in trained male sports players,We first hypothesised that a cumulative effect of multiple exercise bouts would have a negative effect on cognitive performance and mood on day 2 compared to day 1.,interaction effect,"A condition x day interaction effect (F(1,20)=6.24, p = 0.02, ηp2 = 0.21) revealed FCRT to be slower across day 2 in the exercise condition when compared to day 1 (p < 0.05) with no such effect in the control condition (Figure 2a).",1,20,6.24,p = 0.02,0.02,0.02,0.021,Reproduced,"F(1, 20) = 6.24, p = 0.02000"
285,Effects of Judo on Neurocognitive Indices of Response Inhibition in Preadolescent Children: A Randomized Controlled Trial,"Based on the neurocognitive profile of martial arts athletes (29–31), greater increases in N2 negativity and/or P3a/b amplitudes over the intervention period were assumed in the judo training group compared with the control group.",interaction effect,"Moreover, there was a time–group interaction for N2 amplitude (F(1,40) = 6.0, P = 0.019, η2 = 0.13)",1,40,6,p = 0.019,0.019,0.019,0.019,Reproduced,"F(1, 40) = 6, p = 0.01900"
288,Short- and Long-Term Stroboscopic Training Effects on Visuomotor Performance in Elite Youth Sports. Part 1: Reaction and Behavior,It was hypothesized that athletes training under stroboscopic conditions outperform the control group in both the laboratory and field test.,interaction effect,"a significant TIME–GROUP interaction was observed (F2,60 = 6.01, P = 0.004, η2p = 0.167)",2,60,6.01,P = 0.004,0.004,0.004,0.004,Reproduced,"F(2, 60) = 6.01, p = 0.00400"
292,The Effects of Cannabidiol Oil on Noninvasive Measures of Muscle Damage in Men,"it was hypothesized that CBD may re- duce perceived muscle soreness and inflammation, and enhance performance recovery.",interaction effect,"there were no significant interactions between the experimental factors (condition  time; F(4,48) = 0.055, P > 0.05)",4,48,0.055,P > 0.05,0.051,0.051,0.994,Not reproducible but compatible,"F(4, 48) = 0.055, p = 0.05100"
293,The effects of physical activity timing and complexity on episodic memory: A randomized controlled trial,"Physical activity before encoding was expected to result in superior long-term episodic

memory performance when compared to physical activity after encoding.",interaction effect,"Group X Time interaction F(4,84) =1.03, p =.379.",4,84,1.03,p = 0.379,0.379,0.379,0.397,Not reproducible but compatible,"F(4, 84) = 1.03, p = 0.37900"
295,Affordance-based control in deceptive and non-deceptive penalties in soccer goalkeeping: Gender matters!,"the single underlying constraints (i.e., the goalkeepers’ maximum action capabilities defining the time required, or ball flight time and direction defining the time available) were different for female and male goalkeepers and gender differences in timing are expected to emerge.",main effect,"The ANOVA for the number of saves revealed a significant main effect for gender, F (1, 14) =5.05, p =.04, ηp 2 =0.27, and a significant gender by strategy interaction, F (1, 14) =6.32, p =.03, ηp 2 =0.31",1,14,5.05,p =0.04,0.04,0.04,0.041,Reproduced,"F(1, 14) = 5.05, p = 0.04000"
296,Perceptual-cognitive performance of youth soccer players in a 360◦-environment – Differences between age groups and performance levels,elite youth soccer players to show better perceptual-cognitive performance than sub-elite youth player,main effect,"a statistically significant main effect of performance level on 360-MOT performance was found, F (1,260) =4.76, p = .030, η2p =.02, with elite players having higher 360-MOT scores than sub-elite players.",1,260,4.76,p = 0.03,0.03,0.03,0.03,Reproduced,"F(1, 260) = 4.76, p = 0.03000"
297,Unimpaired performance during cognitive and visual manipulations in persons with anterior cruciate ligament reconstruction compared to healthy adults,"We hypothesized ACLR individuals would prioritize visual cognitive faculties and thus perform

better on cognitive tests that required visual scanning.",main effect,"The majority of cognitive analyses failed to detect a statistically significant effect […] (F = 0.33, p = 0.8 Cohen's f = 0.03)",1,40,0.33,p = 0.8,0.8,0.8,0.569,Not reproducible but compatible,"F(1, 40) = 0.33, p = 0.80000"
298,How am I doing? Performance feedback mitigates the effects of mental fatigue on endurance exercise performance,We hypothesized that visual performance feedback would prevent mental fatigue from impairing endurance performance on a 5-min rhythmic muscular endurance handgrip task.,interaction effect,"revealed a main effect for test, F(1, 57) =19.08, p < .001, η2 =0.25, whereby force fell from pre-test (M =17.92 %MVC/s) to post-test (M = 16.78 %MVC/s), and a group by test interaction effect, F(2, 57) =7.22, p <.002, η2 =0.20",2,57,7.22,p < 0.002,0.002,0.002,0.002,Reproduced,"F(2, 57) = 7.22, p = 0.00200"
299,Effects of the function-specific instruction approach to neurofeedback training on frontal midline theta waves and golf putting performance,the FSI group would demonstrate a significant decrease in FMTpower compared with the TI and sham control (SC) groups during 2-s motor preparation after NFT,interaction effect,"There was a significant interaction between group and time, F(8, 58) =2.177, p =.043, Wilks’ lambda =0.591, ηp 2 =0.231, power =.809).",8,58,2.177,p = 0.043,0.043,0.043,0.043,Reproduced,"F(8, 58) = 2.177, p = 0.04300"
300,"Effects of acute endurance, strength, and coordination exercise interventions on attention in adolescents: A randomized controlled study",we hypothesized that the three exercise intervention groups would increase their attention test performance more that the control group.,main effect,"Contrast-coded analysis (+1, +1, +1, − 3 for the three intervention groups and the control group,

respectively) was significant, F(1, 75) =9.02, p =.004, ηp2 =0.11,",1,75,9.02,p = 0.004,0.004,0.004,0.004,Reproduced,"F(1, 75) = 9.02, p = 0.00400"
301,Protective effect of aerobic fitness on the detrimental influence of exhaustive exercise on information processing capacity,"if GXT affects cognitive measure beyond the mean level of performance, it is expected to see a performance change in resilience capacity independent of mean RT, providing an alternative explanation for the moderating role of aerobic fitness in the relationship

between HIE and inhibitory control change.",interaction effect,"Results revealed a main effect of Session [F (1, 63) = 4.59, p =.036, ηp2=0.068], which was superseded by a significant effect of Session ×Group interaction [F (1, 63) =5.54, p =.022, ηp

2=0.081].",1,63,5.54,p = 0.022,0.022,0.022,0.022,Reproduced,"F(1, 63) = 5.54, p = 0.02200"
302,"Effect of brief mindfulness and relaxation inductions on anxiety, affect and brain activation in athletes","MI and RI would both improve anxiety and affect, compared with a control condition.",interaction effect,"Two-way ANOVA revealed a time effect for SAI score [F(1, 34) = 17.11, p < .001, ηp2 = 0.34], which was superseded by a significant condition × time interaction [F(2, 68) = 6.48, p = .004, ηp2 = 0.16]. Post hoc analysis indicated that the decreased scores from pre-test to post-test in MI (37.83 ± 10.82 vs. 31.31 ± 9.44, p < .001) and RI (36.94 ± 9.51 vs. 32.00 ± 8.66, p < .001), but not control condition (34.86 ± 8.03 vs 34.06 ± 9.40, p = .536). There was no duration main effect, F(2, 173) =0.95, p =.39, η2 =0.01,",2,68,6.48,p = 0.004,0.004,0.004,0.0027,Not reproducible but compatible,"F(2, 68) = 6.48, p = 0.00400"
308,Reducing the peak tibial acceleration of running by musicbased biofeedback: A quasi-randomized controlled trial,"We hypothesize that music-based biofeedback can be effective for running with lower impact

(ie, PTAa) during a multi-session protocol when motor learning principles are applied and self-discovery strategies are elicited",interaction effect,"There were significant group x time interactions for PTAa (F = 4.675, p = 0.044, ηP 2   =  0.206, ηG 2   =  0.031),",1,18,4.675,p = 0.044,0.044,0.044,0.044,Reproduced,"F(1, 18) = 4.675, p = 0.04400"
309,Greater effects by performing a small number of eccentric contractions daily than a larger number of them once a week,"no significant increases in maximal voluntary contraction (MVC) torque and muscle thickness would be found after the training of six maximal eccentric contractions in 1 day per week, but the training of six maximal eccentric contractions in 1 day for 5days per week, and five sets of six maximal eccentric contractions in 1 day per week (30 eccentric contractions per week) would show increases in both MVC torque and muscle thickness.",main effect,"Significant differences among the groups were also evident for changes in  MVC-ECCAVE (F [2, 33]  =  7.901, p =  0.002, 휂2 p =  0.324)",2,33,7.901,p = 0.002,0.002,0.002,0.002,Reproduced,"F(2, 33) = 7.901, p = 0.00200"
310,The impacts of a combined exercise on executive function in children with ADHD: A randomized controlled trial,"EFs and sleep quality would be improved by combined exercise intervention in the two groups (i.e., experimental group [EG] vs. wait-list control group [CG]) of children with ADHD",interaction effect,"Significant group-by-time interaction effects for inhibition were observed (F = 12.197, p = 0.001, η 2  = 0.15). A follow-up of the simple main effects revealed that RT in incongruent trials decreased in the EG compared with the wait-list CG at Time 2 (F = 31.93, p<0.01, η 2  = 0.31; refer to Figure 2)",1,66,12.197,p = 0.001,0.001,0.001,0.001,Reproduced,"F(1, 66) = 12.197, p = 0.00100"
311,Cold water immersion improves recovery of sprint speed following a simulated tournament,"It was hypothesised that CWI in accordance with the majority of the litera- ture to date, would be effective at reducing DOMS, but have no effect on other markers of recovery.",interaction effect,"Perception of DOMS showed main effects of bout (F2,34 = 16.521, p < .001), time (F2,34 = 58.003, p < .001) and bout x time interactions (F4,68 = 8.774, p < .001)",4,68,8.774,p < 0.001,0.001,0.001,0,Reproduced,"F(4, 68) = 8.774, p = 0.00100"
313,"Effects of Pilates on fall risk factors in community- dwelling elderly women: A randomized, controlled trial","We hypothesized that a 12-week Pilates exercise pro- gramme would have positive effects and reduce the risk of falling by increasing balance confidence, decreas- ing the fear of falling, and improving postural control.",interaction effect,"The Group × Time interaction yielded statistically significant differences: F(1, 105) = 64.31, p < 0.001, η2 = 0.38,",1,105,64.31,p < 0.001,0.001,0.001,0,Reproduced,"F(1, 105) = 64.31, p = 0.00100"
315,Moderate-intensity exercise performed in the evening does not impair sleep in healthy males,"If elevated core body temperature does impact sleep, then post-exercise sleep should not be impaired if core body temperature has returned to pre-exercise levels prior to bedtime.",main effect,"There was no effect of condition on total sleep time (F(2,10)=3.484, p = 0.071)7",2,10,3.484,0.71,0.71,0.71,0.071,Reproduced,"F(2, 10) = 3.484, p = 0.71000"
319,The effect of electrical muscle stimulation on quadriceps muscle strength and activation patterns in healthy young adults,EMS intervention induced improvement of muscle strength and different distribution of muscle activity,interaction effect,"The knee extension torque showed significant interaction between group and period (F (1, 30) = 32.09, p < 0.0001)",1,30,32.09,p < 0.0001,0.0001,0,0,Reproduced,"F(1, 30) = 32.09, p = 0.00010"
320,Delayed potentiation effects on neuromuscular performance after optimal load and high load resistance priming sessions using velocity loss,a morning squat-based priming session may enhance neuromuscular performance and psychological readiness 6 hours after the end of the session.,main effect,"Results from one-way ANOVA showed a main effect of the priming session on CMJ height (F2,20=11.58; p<0.001; ηp2=0.537)",2,20,11.58,p < 0.001,0.001,0.001,0,Reproduced,"F(2, 20) = 11.58, p = 0.00100"
321,Four weeks of high-intensity interval training (HIIT) improve the cardiometabolic risk profile of overweight patients with type 1 diabetes mellitus (T1DM),we hypothesized that an individually designed “all-out” HIIT intervention would improve the metabolic risk profile to a greater extend in overweight compared to normal weight T1DM patients.,interaction effect,"A time×group effect was detected for LDL and UA levels, in that overweight participants presented reduced LDL levels by -6.61±10.02% and UA levels by -10.50±9.67% at follow-up (LDL, interaction p=0.042,",1,20,4.74,p = 0.042,0.042,0.042,0.042,Reproduced,"F(1, 20) = 4.74, p = 0.04200"
327,Tibial internal and external rotation taping for improving pain in patients with patellofemoral pain syndrome,"We hypothesized that, consistent with the un-derlying biomechanical model, tibial IRT would be the more effective interms of pain reduction",main effect,"Repeated measures ANOVA showed that compared with no taping, IRT and ERT were both effective at improving pain during the three clinical tests (F = 224.10, p < 0.001, partial η2 = 0.94). For IRT and ERT, there was a tape direction effect whereby ERT was more effective than IRT (F = 4.90, p = 0.044, partial η2 = 0.26).",2,28,4.9,p = 0.044,0.044,0.044,0.044,Reproduced,"F(1, 14) = 4.9, p = 0.044000"
332,"Effect of brain endurance training on maximal oxygen uptake, time-to-exhaustion, and inhibitory control in runners",BET improves time-to-exhaustion (without changing VO2max) and inhibitory control than cognitive or endur- ance interventions,main effect,"There was found no main effect of group for time-to-exhaustion [F(2, 42)=0.97; p=0.38 (CI95%=0.32– 0.53); ηp2=0.01 (CI95%=0.004–0.02); ES=small]. There was a significant group×time interaction for time-to- exhaustion [F(2, 42) = 19.08; p = 0.001 (CI95% = 0.001– 0.01); ηp2=0.11 (CI95%=0.08–0.19); ES=large]. Post-hoc test showed an increase in time-to-exhaustion from baseline (CT = 45.66 ± 8.30 min; ET = 45.93 ± 8.89 min; BET = 47.20 ± 9.54 min) for post-experiment (CT=45.20±8.46, Δ%=1.00; ET=49.80±8.81, Δ%=8.42; BET=52.40±8.87min, Δ%=11.01) only for ET and BET groups (p < 0.05).",2,42,0.97,P = 0.38,0.38,0.38,0.387,Reproduced,"F(2, 42) = 0.97, p = 0.38000"
334,Similar patterns of tendon regional hypertrophy after low- load blood flow restriction and high-load resistance training,"Given the low mechanical stress with BFR training, we hypothesized that the low loading of LL-BFR may not elicit a region-specific hypertrophic response as delineated with HL training.",interaction effect,"No significant interaction F(1,27) = 0.1, p = 0.754, n2p = 0.004, 95%CI n2p [0.00, 0.15]",2,127,0.1,p = 0.754,0.754,0.754,0.905,Not reproducible but compatible,"F(2, 127) = 0.1, p = 0.75400"
336,Effects of plyometric training on different 8-week training intensity distributions in well-trained endurance runners,"our hypothesis was that plyometrics could have a positive effect on running performance re- gardless of the TID utilized, but the magnitude of this ef- fect might be different as different physiological patterns are involved during the training programs",interaction effect,"For vBLa4, there was a significant main effect of time (F [1, 56] = 48.7; p < 0.0001; n2p = 0.21 and an interaction groupxtime (F[3,56] = 3.4; p = 0.0235, n2p = 0.07), while no main effect of group (F [3, 56] = 0.1; p = 0.9794; np2 = 0.01)",3,56,3.4,0.0235,0.0235,0.024,0.024,Reproduced,"F(3, 56) = 3.4, p = 0.02350"
341,Concurrent brain endurance training improves endurance exercise performance,we expected that concurrent mental and physical training would improve exercise performance compared to physical training alone.,unclear,"Absolute physical task performance was analysed with a 2 group (BET, Control) by 2 test (pre, post) by 3 task (subsequent, solo, concurrent) by 10 time (30-s averages) ANOVA on force produced per second, revealing a group-by-test interaction effect (F1,34 = 6.064, p < 0.05, n2 = .15).",1,34,6.064,p < 0.05,0.05,0.05,0.019,Not reproducible but compatible,"F(1, 34) = 6.064, p = 0.05000"
342,Training wearing thermal clothing and training in hot ambient conditions are equally effective methods of heat acclimation,We hypothesized that effects of training in HEAT and SUIT exert similar effects on exercise performance and that SUITHWI training would exert greater effects on exercise performance.,interaction effect,"There were no dif- ferences between HEAT, SUIT and SUITHWI in improvement of 30- min all-out average power in the heat following the 10-day interven- tion period (9.5 ± 3.8%, 9.5 ± 3.6 and 9.9 ± 5.2%, respectively, main effect: p < 0.001, F = 192.3, interaction effect: p = 0.995, F = 0.005).",2,66,0.005,p = 0.995,0.995,0.995,0.995,Reproduced,"F(2, 66) = 0.005, p = 0.99500"
343,The effect of a decrease in stretch-shortening cycle function after cycling on subsequent running,it was hypothesized that the decrease in SSC function after cycling negatively affects cardiorespiratory and bio- mechanical variables in subsequent running.,interaction effect,"A two-way repeated measure ANOVA revealed a significant interac- tion between group (SSC dec, SSC non-dec) and time (pre, post1, and post2) (F2, 28 = 9.77, p = 0.001)",2,28,9.77,p = 0.001,0.001,0.001,0.001,Reproduced,"F(2, 28) = 9.77, p = 0.00100"
350,Acute effects of whole-body vibration warm-up on leg and vertical stiffness during running,"We hypothesized that acute exposure to WBV could potentially increase leg stiffness through changes in spatiotemporal parameters (flight and contact times, SR, and SL) during running at submaximal speed",interaction effect,"the statistical analysis for leg stiffness revealed significant interaction effects (F(1,21) = 4.493, p = 0.046, η2 = 0.176) between time (pre, post) and condition (type of protocol)",1,21,4.493,p = 0.046,0.046,0.046,0.046,Reproduced,"F(1, 21) = 4.493, p = 0.04600"
407,International Journal of Sports Physiology and Performance,"Brain Endurance Training Improves Physical, Cognitive, and Multitasking Performance in Professional Football Players",interaction effect,"The ANOVA yielded a group × time interaction for velocity at the end of the 30–15 IFT (F1,20 = 5.12, P = .04, η2p = .09; Figure 1A).",1,20,5.12,p = 0.04,0.04,0.04,0.0349,Incorrectly rounded,"F(1, 20) = 5.12, p = 0.04000"
408,International Journal of Sports Physiology and Performance,Efficacy of Resisted Sled Sprint Training Compared With Unresisted Sprint Training on Acceleration and Sprint Performancein Rugby Players: An 8-Week Randomized Controlled Trial,main effect,"There was a significant effect for the training group on 10-m sprint time after controlling for baseline value (F1,23 = 17.39; P < .01; η2p = .44)",1,23,20.77,p < 0.01,0.01,0.01,0,Reproduced,"F(1, 23) = 20.77, p = 0.01000"
409,International Journal of Sports Physiology and Performance,"Mental Fatigue: The Cost of Cognitive Loading on Weight Lifting, Resistance Training, and Cycling Performance",main effect,"Performance during the 20-minute TT, a measure of physical endurance, was impaired by MF. The 2-condition by 6-time ANOVA yielded a main effect of condition for power (F1,14 = 5.65, P = .032, η2p = .19)",1,14,5.65,p = 0.032,0.032,0.032,0.032,Reproduced,"F(1, 14) = 5.65, p = 0.03200"
412,International Journal of Sports Physiology and Performance,Simultaneous Upper- and Lower-Limb Postactivation Performance Enhancement After Clean and Jerk,main effect,There was a main effect of condition on CMJ height (F = 5.550; P = .038; power = 0.575),1,11,5.55,p = 0.038,0.038,0.038,0.038,Reproduced,"F(1, 11) = 5.55, p = 0.03800"
414,European Journal of Sport Science,Does anodal tDCS improve basketball performance? A randomized controlled trial,interaction effect,"ANOVAs show significant intervention*time effects on both the shooting accuracy test (F1,51 = 5.6; P = 0.022) and on the Illinois ball-dribbling test (F1,51 = 4.5; P = 0.038)",1,51,5.6,p = 0.022,0.022,0.022,0.022,Reproduced,"F(1, 51) = 5.6, p = 0.02200"
416,Brain Endurance Training improves endurance and cognitive performance in road cyclists,"Post-BET would enhance endurance performance and cognitive performance more than traditional physical training (control), especially in fatigued states. ",interaction effect,"Group by Test ANOVAs yielded interaction effects for TTE at 80 % PPO (F(1, 24) = 5.32, p = 0.032, η2p = 0.30)",1,24,5.32,p = 0.032,0.032,0.032,0.03,Reproduced,"F(1, 24) = 5.32, p = 0.03200"
420,Ain’t Just Imagination! Effects of Motor Imagery Training on Strength and Power Performance of Athletes during Detraining,We hypothesized that MI would enhance strength and power performances compared with a control condition ,interaction effect,"significant time–protocol interactions between both MI conditions and control for relative 1RM in the back squat exercise (F(2,18) = 28.25, P < 0.001)",2,18,28.25,P < 0.001,0.001,0.001,0,Reproduced,"F(2, 18) = 28.25, p = 0.001"
421,Brain endurance training improves shot speed and accuracy in grassroots padel players,We hypothesized that players would hit faster shots following BET than standard training (control) when mentally fatigued.,interaction effect,"Group x Time x Test interaction (Table 1) F(2, 58) = 22.58 n2p = 0.44  p < 0.001",1,59,1649.15,P < 0.001,0.001,0.001,0,Reproduced,"F(1, 59) = 1649.15, p = 0.001"
