paper_id,test_type,reported_p,computed_p,error,decision_error
10.1016:j.jsams.2019.09.015,F,0.196,1,TRUE,FALSE
10.1016:j.jsams.2019.09.015,F,0.239,0.2360451372806583,FALSE,FALSE
10.1016:j.jsams.2019.09.015,F,0.603,0.9231163995874593,TRUE,FALSE
10.1016:j.jsams.2019.09.015,F,0.383,0.3848998411112249,FALSE,FALSE
10.1016:j.jsams.2019.09.015,F,0.593,0.6104650460719088,FALSE,FALSE
10.1016:j.jsams.2019.09.015,F,0.821,0.8195870218504977,FALSE,FALSE
10.1016:j.jsams.2021.10.009,F,0.03,0.030296931714821895,FALSE,FALSE
10.1016:j.jsams.2021.10.009,F,0.03,0.030296931714821895,FALSE,FALSE
10.1016:j.jsams.2021.10.009,F,0.002,0.0019441899173037245,FALSE,FALSE
10.1016:j.jsams.2021.10.009,F,0.008,0.007815333484630852,FALSE,FALSE
10.1016:j.jsams.2021.10.009,F,0.025,0.02499070454082462,FALSE,FALSE
10.1016:j.jsams.2021.10.009,F,0.027,0.02699200121167548,FALSE,FALSE
10.1016:j.jsams.2021.10.009,F,0.034,0.03436240553914347,FALSE,FALSE
10.1016:j.jsams.2023.05.008,F,0.032,0.030025903475516896,TRUE,FALSE
10.1016:j.jsams.2023.05.008,F,0.011,0.00964545892986337,TRUE,FALSE
10.1016:j.jsams.2023.05.008,F,0.224,0.22122652597835402,TRUE,FALSE
10.1016:j.jsams.2023.05.008,F,0.156,0.1505039179084856,TRUE,FALSE
10.1016:j.jsams.2023.05.008,F,0.043,0.04010842224381203,TRUE,FALSE
10.1016:j.jsams.2023.05.008,F,0.023,0.018800341221801502,TRUE,FALSE
10.1016:j.jsams.2023.05.008,F,0.022,0.014156528410913189,TRUE,FALSE
10.1016:j.jsams.2023.05.008,F,0.032,0.031761172968598546,FALSE,FALSE
10.1016:j.jsams.2023.05.008,F,0.011,0.007671590036879694,TRUE,FALSE
10.1016:j.jsams.2023.05.008,F,0.391,0.38891694470896543,TRUE,FALSE
10.1016:j.jsams.2023.05.008,F,0.282,0.3025739351137554,TRUE,FALSE
10.1016:j.jsams.2023.05.008,F,0.623,0.6216287223139867,FALSE,FALSE
10.1016:j.jsams.2023.05.008,F,0.001,0.0015842986398250712,TRUE,FALSE
10.1016:j.jsams.2023.05.008,F,0.033,0.028793778652353906,TRUE,FALSE
10.1016:j.jsams.2023.05.008,F,0.041,0.03490773729951158,TRUE,FALSE
10.1016:j.jsams.2023.05.008,F,0.056,0.05799570170249609,TRUE,FALSE
10.1016:j.jsams.2023.05.008,F,0.04,0.03915746349143544,FALSE,FALSE
10.1016:j.jsams.2023.05.008,F,0.083,0.08121095322809035,TRUE,FALSE
10.1016:j.jsams.2023.05.008,F,0.021,0.011941357486421854,TRUE,FALSE
10.1016:j.jsams.2023.05.008,F,0.311,0.31231592206838776,FALSE,FALSE
10.1016:j.jsams.2023.05.008,F,0.059,0.061274172025023325,TRUE,FALSE
10.1016:j.jsams.2023.05.008,F,0.085,0.0864985505104427,TRUE,FALSE
10.1016:j.jsams.2023.05.008,F,0.035,0.029364877860288557,TRUE,FALSE
10.1016:j.jsams.2023.05.008,F,0.12,0.12100704352847964,FALSE,FALSE
10.1016:j.jsams.2023.05.008,F,0.031,0.03130868501972592,FALSE,FALSE
10.1016:j.jsams.2023.05.008,F,0.051,0.04977972295067778,TRUE,TRUE
10.1016:j.jsams.2023.05.008,F,0.101,0.10783322903224755,TRUE,FALSE
10.1016:j.jsams.2023.05.008,F,0.044,0.04518181704983822,TRUE,FALSE
10.1016:j.jsams.2023.05.008,F,0.021,0.021656121665708426,TRUE,FALSE
10.1016:j.jsams.2023.05.008,F,0.001,6.431229617400235e-4,FALSE,FALSE
10.1016:j.jsams.2023.05.008,F,0.001,0.001087183314748295,TRUE,FALSE
10.1016:j.jsams.2023.05.008,F,0.451,0.6512618968916195,TRUE,FALSE
10.1016:j.jsams.2023.05.008,F,0.193,0.19700923415469282,TRUE,FALSE
10.1016:j.jsams.2023.05.008,F,0.284,0.13998787967338513,TRUE,FALSE
10.1016:j.jsams.2023.05.008,F,0.653,0.6512618968916195,FALSE,FALSE
10.1016:j.jsams.2023.05.008,F,0.214,0.21098919036473426,TRUE,FALSE
10.1016:j.jsams.2023.05.008,F,0.372,0.37135686385043465,FALSE,FALSE
10.1016:j.jsams.2023.05.008,F,0.15,0.16936657238724467,TRUE,FALSE
10.1016:j.jsams.2023.05.008,F,0.034,0.02693966416474632,TRUE,FALSE
10.1016:j.jsams.2023.05.008,F,0.001,3.544298808863695e-4,FALSE,FALSE
10.1016:j.jsams.2023.05.008,F,0.033,0.02780604734642208,TRUE,FALSE
10.1016:j.jsams.2023.05.008,F,0.001,0.0029935960723287817,TRUE,FALSE
10.1016:j.jsams.2023.05.008,F,0.041,0.03700587581154346,TRUE,FALSE
10.1016:j.jsams.2023.05.008,F,0.043,0.039529597193118306,TRUE,FALSE
10.1016:j.jsams.2023.05.008,F,0.37,0.36905533947563374,FALSE,FALSE
10.1016:j.jsams.2023.05.008,F,0.74,0.46817060591406856,TRUE,FALSE
10.1016:j.psychsport.2018.02.009,F,0.001,2.4896132091624508e-9,FALSE,FALSE
10.1016:j.psychsport.2018.02.009,F,0.001,3.6984517969708374e-16,FALSE,FALSE
10.1016:j.psychsport.2018.02.009,F,0.001,1.710912882417952e-4,FALSE,FALSE
10.1016:j.psychsport.2018.02.009,t,0.001,7.2800871349171285e-9,FALSE,FALSE
10.1016:j.psychsport.2018.02.009,t,0.001,7.72446678451546e-7,FALSE,FALSE
10.1016:j.psychsport.2018.02.009,F,0.001,6.949918472835354e-6,FALSE,FALSE
10.1016:j.psychsport.2018.02.009,F,0.001,1.1005076038454147e-41,FALSE,FALSE
10.1016:j.psychsport.2018.02.009,F,0.001,4.9397786545934864e-5,FALSE,FALSE
10.1016:j.psychsport.2018.02.009,F,0.001,5.557958913014907e-18,FALSE,FALSE
10.1016:j.psychsport.2018.02.009,F,0.001,6.143817942038926e-5,FALSE,FALSE
10.1016:j.psychsport.2018.02.009,F,0.03,0.03402727190288413,FALSE,FALSE
10.1016:j.psychsport.2018.02.009,F,0.001,9.17336327115175e-9,FALSE,FALSE
10.1016:j.psychsport.2018.02.009,F,0.001,6.540664276871177e-15,FALSE,FALSE
10.1016:j.psychsport.2018.02.009,F,0.016,0.01488729774003437,FALSE,FALSE
10.1016:j.psychsport.2018.02.009,F,0.012,0.011602980376802812,FALSE,FALSE
10.1016:j.psychsport.2018.02.009,F,0.001,2.775520616914548e-12,FALSE,FALSE
10.1016:j.psychsport.2018.02.009,F,0.001,6.127193693768969e-42,FALSE,FALSE
10.1016:j.psychsport.2018.02.009,F,0.005,0.005315692058482049,FALSE,FALSE
10.1016:j.psychsport.2018.02.009,F,0.001,2.491048878974251e-13,FALSE,FALSE
10.1016:j.psychsport.2018.02.009,F,0.001,0.0011310840962879935,FALSE,FALSE
10.1016:j.psychsport.2018.02.009,F,0.038,0.04198391767911396,FALSE,FALSE
10.1016:j.psychsport.2018.02.009,F,0.001,4.499225463295487e-8,FALSE,FALSE
10.1016:j.psychsport.2018.02.009,t,0.03,0.027032674929912796,FALSE,FALSE
10.1016:j.psychsport.2018.03.001,F,0.401,0.4045279525372002,TRUE,FALSE
10.1016:j.psychsport.2018.03.001,F,0.169,0.17050607559244185,FALSE,FALSE
10.1016:j.psychsport.2018.03.001,F,0.01,0.010070577691160943,FALSE,FALSE
10.1016:j.psychsport.2018.03.001,F,0.03,0.029842013759127924,FALSE,FALSE
10.1016:j.psychsport.2018.03.001,F,0.092,0.0927246835492682,FALSE,FALSE
10.1016:j.psychsport.2018.03.001,F,0.037,0.037317591059743124,FALSE,FALSE
10.1016:j.psychsport.2018.03.001,F,0.558,0.5579793083220529,FALSE,FALSE
10.1016:j.psychsport.2018.03.001,F,0.02,0.019654175116578753,FALSE,FALSE
10.1016:j.psychsport.2018.03.001,F,0.03,0.029747101538805724,FALSE,FALSE
10.1016:j.psychsport.2018.03.001,F,0.014,0.014156528410913189,FALSE,FALSE
10.1016:j.psychsport.2018.06.010,F,0.067,0.06662886088393082,FALSE,FALSE
10.1016:j.psychsport.2018.06.010,F,0.022,0.02228573582406158,FALSE,FALSE
10.1016:j.psychsport.2018.06.010,F,0.019,0.018964820272184574,FALSE,FALSE
10.1016:j.psychsport.2018.06.010,F,0.072,0.07250665903146554,FALSE,FALSE
10.1016:j.psychsport.2018.06.010,F,0.001,7.220327068332516e-5,FALSE,FALSE
10.1016:j.psychsport.2018.06.010,F,0.001,3.5973095591743265e-6,FALSE,FALSE
10.1016:j.psychsport.2018.06.010,F,0.073,0.0787445702564394,TRUE,FALSE
10.1016:j.psychsport.2018.06.010,F,0.345,0.3320989454510622,TRUE,FALSE
10.1016:j.psychsport.2018.06.010,F,0.001,4.012057846031443e-4,FALSE,FALSE
10.1016:j.psychsport.2018.06.010,F,0.001,3.926487767252005e-9,FALSE,FALSE
10.1016:j.psychsport.2018.06.010,F,0.001,8.902936164039033e-38,FALSE,FALSE
10.1016:j.psychsport.2018.06.010,t,0.392,0.3930499416376563,FALSE,FALSE
10.1016:j.psychsport.2018.06.010,F,0.004,0.007379372318210047,TRUE,FALSE
10.1016:j.psychsport.2018.06.010,F,0.001,0.0018399672007243767,TRUE,FALSE
10.1016:j.psychsport.2018.06.010,F,0.276,0.2756046242659129,FALSE,FALSE
10.1016:j.psychsport.2018.06.010,F,0.001,9.489770660099055e-5,FALSE,FALSE
10.1016:j.psychsport.2018.06.010,F,0.001,4.761165132319417e-5,FALSE,FALSE
10.1016:j.psychsport.2018.06.010,F,0.001,3.730065450758981e-4,FALSE,FALSE
10.1016:j.psychsport.2018.06.010,F,0.001,9.775895313452325e-6,FALSE,FALSE
10.1016:j.psychsport.2018.06.010,F,0.916,0.92098824540796,FALSE,FALSE
10.1016:j.psychsport.2018.06.010,F,0.33,0.3397820122053963,TRUE,FALSE
10.1016:j.psychsport.2018.06.010,F,0.046,0.06809663974954207,TRUE,TRUE
10.1016:j.psychsport.2018.06.010,F,0.001,5.352422959381942e-6,FALSE,FALSE
10.1016:j.psychsport.2018.06.010,F,0.076,0.09944147491608711,TRUE,FALSE
10.1016:j.psychsport.2018.06.010,F,0.052,0.07360382718983799,TRUE,FALSE
10.1016:j.psychsport.2018.06.010,F,0.001,6.083877446974478e-16,FALSE,FALSE
10.1016:j.psychsport.2018.06.010,F,0.05,0.05051625896055862,FALSE,FALSE
10.1016:j.psychsport.2018.06.010,F,0.3,0.30059107364134907,FALSE,FALSE
10.1016:j.psychsport.2018.12.001,t,0.001,5.7973714057329546e-9,FALSE,FALSE
10.1016:j.psychsport.2018.12.001,F,0.8,0.7928886472735706,FALSE,FALSE
10.1016:j.psychsport.2018.12.001,F,0.07,0.06824388132644905,FALSE,FALSE
10.1016:j.psychsport.2018.12.001,F,0.001,4.3327820659573056e-27,FALSE,FALSE
10.1016:j.psychsport.2018.12.001,F,0.001,1.0662833580511119e-9,FALSE,FALSE
10.1016:j.psychsport.2018.12.001,F,0.001,1.80073850609249e-6,FALSE,FALSE
10.1016:j.psychsport.2018.12.001,F,0.29,0.2929617171959671,FALSE,FALSE
10.1016:j.psychsport.2018.12.001,F,0.25,0.24469842432559555,FALSE,FALSE
10.1016:j.psychsport.2018.12.001,F,0.01,0.010855452928045309,FALSE,FALSE
10.1016:j.psychsport.2018.12.001,t,0.02,0.014731299713957402,TRUE,FALSE
10.1016:j.psychsport.2018.12.001,t,0.12,0.11855196873948137,FALSE,FALSE
10.1016:j.psychsport.2018.12.001,F,0.03,0.03198260173126318,FALSE,FALSE
10.1016:j.psychsport.2018.12.001,F,0.001,0.0010024699453941577,FALSE,FALSE
10.1016:j.psychsport.2018.12.001,F,0.001,2.1149797768467418e-4,FALSE,FALSE
10.1016:j.psychsport.2018.12.001,t,0.001,9.187644329889028e-6,FALSE,FALSE
10.1016:j.psychsport.2018.12.001,t,0.71,0.7050797855673021,FALSE,FALSE
10.1016:j.psychsport.2018.12.001,F,0.001,0.0013042424425296672,FALSE,FALSE
10.1016:j.psychsport.2018.12.001,F,0.001,6.200329001123814e-5,FALSE,FALSE
10.1016:j.psychsport.2018.12.001,F,0.001,4.119423240812764e-4,FALSE,FALSE
10.1016:j.psychsport.2018.12.001,F,0.003,0.003282871988171326,FALSE,FALSE
10.1016:j.psychsport.2018.12.001,F,0.028,0.028361596968911655,FALSE,FALSE
10.1016:j.psychsport.2018.12.001,F,0.03,0.026068098940609154,FALSE,FALSE
10.1016:j.psychsport.2018.12.001,F,0.52,0.5162766286939031,FALSE,FALSE
10.1016:j.psychsport.2018.12.001,F,0.17,0.16510732027452732,FALSE,FALSE
10.1016:j.psychsport.2019.01.001,F,0.31,0.3072599690353552,FALSE,FALSE
10.1016:j.psychsport.2019.01.001,F,0.001,1.0916531095183603e-12,FALSE,FALSE
10.1016:j.psychsport.2019.01.001,F,0.093,0.09325102452468614,FALSE,FALSE
10.1016:j.psychsport.2019.01.001,F,0.36,0.36324956264592273,FALSE,FALSE
10.1016:j.psychsport.2019.01.001,F,0.001,1.86257484836484e-6,FALSE,FALSE
10.1016:j.psychsport.2019.01.001,F,0.23,0.23374855469848044,FALSE,FALSE
10.1016:j.psychsport.2019.01.001,F,0.082,0.0822567016547782,FALSE,FALSE
10.1016:j.psychsport.2019.01.001,F,0.29,0.293632894564149,FALSE,FALSE
10.1016:j.psychsport.2019.01.001,F,0.025,0.024880799424587208,FALSE,FALSE
10.1016:j.psychsport.2019.01.001,F,0.42,0.415886612627585,FALSE,FALSE
10.1016:j.psychsport.2019.01.001,t,0.045,0.044883943098384754,FALSE,FALSE
10.1016:j.psychsport.2019.01.001,t,0.56,0.5588281783191018,FALSE,FALSE
10.1016:j.psychsport.2019.01.001,F,0.001,5.0490762815417855e-8,FALSE,FALSE
10.1016:j.psychsport.2019.01.001,F,0.007,0.007041472684690495,FALSE,FALSE
10.1016:j.psychsport.2019.01.001,F,0.65,0.651396277782943,FALSE,FALSE
10.1016:j.psychsport.2019.01.001,F,0.98,0.980438982941997,FALSE,FALSE
10.1016:j.psychsport.2019.01.001,F,0.58,0.5811252712138794,FALSE,FALSE
10.1016:j.psychsport.2019.01.001,F,0.14,0.13743254078153022,FALSE,FALSE
10.1016:j.psychsport.2019.01.001,F,0.02,0.019250163980839834,FALSE,FALSE
10.1016:j.psychsport.2019.01.001,F,0.33,0.3236398393900169,FALSE,FALSE
10.1016:j.psychsport.2019.01.001,F,0.048,0.04765413347804148,FALSE,FALSE
10.1016:j.psychsport.2019.01.001,t,0.01,0.006830821286976029,FALSE,FALSE
10.1016:j.psychsport.2019.01.001,t,0.9,0.8972901117869716,FALSE,FALSE
10.1016:j.psychsport.2019.01.001,F,0.02,0.02381659667553051,FALSE,FALSE
10.1016:j.psychsport.2019.01.001,F,0.03,0.029842013759127924,FALSE,FALSE
10.1016:j.psychsport.2019.01.001,F,0.49,0.4966929044772175,FALSE,FALSE
10.1016:j.psychsport.2019.01.001,F,0.56,0.5634644028611264,FALSE,FALSE
10.1016:j.psychsport.2019.01.001,F,0.09,0.0896625875942004,FALSE,FALSE
10.1016:j.psychsport.2019.01.001,F,0.21,0.2048448053614415,FALSE,FALSE
10.1016:j.psychsport.2019.04.014,F,0.001,1.606570095905737e-5,FALSE,FALSE
10.1016:j.psychsport.2019.04.014,F,0.001,3.9188657928712454e-9,FALSE,FALSE
10.1016:j.psychsport.2019.04.014,F,0.8,0.8072559398368484,FALSE,FALSE
10.1016:j.psychsport.2019.04.014,F,0.11,0.10994192587489643,FALSE,FALSE
10.1016:j.psychsport.2019.04.014,F,0.87,0.8751823330740706,FALSE,FALSE
10.1016:j.psychsport.2019.04.014,F,0.001,6.211760985950425e-13,FALSE,FALSE
10.1016:j.psychsport.2019.04.014,F,0.3,0.2961706289446008,FALSE,FALSE
10.1016:j.psychsport.2019.04.014,F,0.73,0.7251975765072516,FALSE,FALSE
10.1016:j.psychsport.2019.04.014,F,0.61,0.6110420610660674,FALSE,FALSE
10.1016:j.psychsport.2019.04.016,F,0.524,0.5242044222543001,FALSE,FALSE
10.1016:j.psychsport.2019.04.016,F,0.01,0.007733839396519397,FALSE,FALSE
10.1016:j.psychsport.2019.04.016,F,0.46,0.46050790699528654,FALSE,FALSE
10.1016:j.psychsport.2019.04.016,F,0.551,0.4701810153227638,TRUE,FALSE
10.1016:j.psychsport.2019.04.016,F,0.05,0.015187411209314145,FALSE,FALSE
10.1016:j.psychsport.2019.04.016,F,0.216,0.21584801316835137,FALSE,FALSE
10.1016:j.psychsport.2019.04.016,F,0.86,0.8605906124832371,FALSE,FALSE
10.1016:j.psychsport.2019.04.016,F,0.912,0.9119193436398505,FALSE,FALSE
10.1016:j.psychsport.2019.04.016,F,0.398,0.39773059340952044,FALSE,FALSE
10.1016:j.psychsport.2019.04.016,F,0.05,0.03188330400869389,FALSE,FALSE
10.1016:j.psychsport.2019.04.016,F,0.84,0.8403123121663454,FALSE,FALSE
10.1016:j.psychsport.2019.05.001,F,0.43,0.29944781233837475,TRUE,FALSE
10.1016:j.psychsport.2019.05.001,F,0.42,0.21496499349751444,TRUE,FALSE
10.1016:j.psychsport.2019.05.001,F,0.36,0.22252195618825965,TRUE,FALSE
10.1016:j.psychsport.2019.05.001,F,0.53,0.14906643039290382,TRUE,FALSE
10.1016:j.psychsport.2019.05.001,F,0.3,0.12725049170642272,TRUE,FALSE
10.1016:j.psychsport.2019.05.001,F,0.38,0.2585214407786219,TRUE,FALSE
10.1016:j.psychsport.2019.05.001,F,0.32,0.1728580651680389,TRUE,FALSE
10.1016:j.psychsport.2019.05.001,F,0.26,0.469130636058237,TRUE,FALSE
10.1016:j.psychsport.2019.05.001,F,0.4,0.5604884566110373,TRUE,FALSE
10.1016:j.psychsport.2019.05.001,F,0.01,2.0941944836270147e-6,TRUE,FALSE
10.1016:j.psychsport.2019.05.001,F,0.01,8.310725578798923e-7,TRUE,FALSE
10.1016:j.psychsport.2019.101554,F,0.13,0.12957439861806613,FALSE,FALSE
10.1016:j.psychsport.2019.101554,F,0.193,0.19339791673656778,FALSE,FALSE
10.1016:j.psychsport.2019.101554,F,0.773,0.7669934626878315,FALSE,FALSE
10.1016:j.psychsport.2019.101554,F,0.804,0.8087662766636191,FALSE,FALSE
10.1016:j.psychsport.2019.101554,F,0.1,0.09992350625706113,FALSE,FALSE
10.1016:j.psychsport.2019.101554,F,0.843,0.8433177675665868,FALSE,FALSE
10.1016:j.psychsport.2019.101554,t,0.753,0.7527355724897802,FALSE,FALSE
10.1016:j.psychsport.2019.101554,F,0.001,1.0194804228119803e-18,FALSE,FALSE
10.1016:j.psychsport.2019.101554,F,0.123,0.12316931128124893,FALSE,FALSE
10.1016:j.psychsport.2019.101554,F,0.22,0.22101413581387472,FALSE,FALSE
10.1016:j.psychsport.2019.101554,F,0.051,0.05101057573108503,FALSE,FALSE
10.1016:j.psychsport.2019.101554,F,0.39,0.39045824187777456,FALSE,FALSE
10.1016:j.psychsport.2019.101554,F,0.001,6.215619216411809e-20,FALSE,FALSE
10.1016:j.psychsport.2020.101668,F,0.027,0.026799311718083047,FALSE,FALSE
10.1016:j.psychsport.2020.101668,F,0.438,0.4359366113783002,FALSE,FALSE
10.1016:j.psychsport.2020.101668,F,0.001,1.3962616459818247e-19,FALSE,FALSE
10.1016:j.psychsport.2020.101668,F,0.29,0.28487631239334427,FALSE,FALSE
10.1016:j.psychsport.2020.101668,F,0.715,0.7122560785231421,FALSE,FALSE
10.1016:j.psychsport.2020.101668,F,0.001,3.5359553881228245e-6,FALSE,FALSE
10.1016:j.psychsport.2020.101668,F,0.001,9.500852648529159e-9,FALSE,FALSE
10.1016:j.psychsport.2020.101668,F,0.191,0.18995748975903934,FALSE,FALSE
10.1016:j.psychsport.2020.101668,F,0.51,0.5074463113685397,FALSE,FALSE
10.1016:j.psychsport.2020.101668,F,0.532,0.5325695203804872,FALSE,FALSE
10.1016:j.psychsport.2020.101668,F,0.542,0.5421964063736858,FALSE,FALSE
10.1016:j.psychsport.2020.101668,F,0.001,1.9737765962720704e-5,FALSE,FALSE
10.1016:j.psychsport.2020.101668,F,0.085,0.08470528771256138,FALSE,FALSE
10.1016:j.psychsport.2020.101668,F,0.493,0.4936977467603072,FALSE,FALSE
10.1016:j.psychsport.2020.101668,F,0.581,0.5808646689911526,FALSE,FALSE
10.1016:j.psychsport.2020.101668,F,0.718,0.7188112036296557,FALSE,FALSE
10.1016:j.psychsport.2020.101668,F,0.738,0.7349671653753536,FALSE,FALSE
10.1016:j.psychsport.2020.101668,F,0.592,0.590556213423912,FALSE,FALSE
10.1016:j.psychsport.2020.101668,F,0.184,0.1846784411338096,FALSE,FALSE
10.1016:j.psychsport.2020.101714,F,0.001,6.947421011562093e-71,FALSE,FALSE
10.1016:j.psychsport.2020.101714,F,0.001,1.880715047391205e-68,FALSE,FALSE
10.1016:j.psychsport.2020.101714,F,0.001,2.576086927393513e-68,FALSE,FALSE
10.1016:j.psychsport.2020.101714,F,0.001,2.5803366065286464e-83,FALSE,FALSE
10.1016:j.psychsport.2020.101714,F,0.001,1.5160896562216715e-75,FALSE,FALSE
10.1016:j.psychsport.2020.101714,F,0.044,0.044625337921911735,FALSE,FALSE
10.1016:j.psychsport.2020.101714,F,0.001,1.134149284579522e-5,FALSE,FALSE
10.1016:j.psychsport.2020.101714,F,0.012,0.0090138345169918,TRUE,FALSE
10.1016:j.psychsport.2020.101714,F,0.027,0.027138067948093127,FALSE,FALSE
10.1016:j.psychsport.2020.101714,F,0.015,0.015527312842924244,FALSE,FALSE
10.1016:j.psychsport.2020.101714,F,0.001,9.991538659721e-4,FALSE,FALSE
10.1016:j.psychsport.2020.101714,F,0.009,0.008772781670857127,FALSE,FALSE
10.1016:j.psychsport.2020.101714,F,0.05,0.05294116937755413,FALSE,FALSE
10.1016:j.psychsport.2020.101714,F,0.03,0.03253862542937043,FALSE,FALSE
10.1016:j.psychsport.2020.101714,F,0.03,0.029801462194284194,FALSE,FALSE
10.1016:j.psychsport.2020.101714,F,0.002,0.002447961317552771,FALSE,FALSE
10.1016:j.psychsport.2020.101722,F,0.001,0.0011386822106183084,FALSE,FALSE
10.1016:j.psychsport.2020.101722,t,0.001,8.935039213398095e-4,FALSE,FALSE
10.1016:j.psychsport.2020.101722,F,0.002,0.0015975308082133417,FALSE,FALSE
10.1016:j.psychsport.2020.101722,t,0.004,0.0012390564096579858,FALSE,FALSE
10.1016:j.psychsport.2020.101722,t,0.002,0.0016819231384760354,FALSE,FALSE
10.1016:j.psychsport.2020.101722,F,0.01,0.009301225808235773,FALSE,FALSE
10.1016:j.psychsport.2020.101722,t,0.59,0.5842044229998586,FALSE,FALSE
10.1016:j.psychsport.2020.101722,t,0.004,0.0037161726429554742,FALSE,FALSE
10.1016:j.psychsport.2020.101722,t,0.018,0.018325472842876552,FALSE,FALSE
10.1016:j.psychsport.2020.101722,t,0.315,0.3162403635849337,FALSE,FALSE
10.1016:j.psychsport.2020.101722,t,0.179,0.17852845669303113,FALSE,FALSE
10.1016:j.psychsport.2020.101722,t,0.762,0.7651344826218894,FALSE,FALSE
10.1016:j.psychsport.2020.101722,t,0.072,0.07183580162024272,FALSE,FALSE
10.1016:j.psychsport.2020.101765,F,0.05,0.887197162579559,FALSE,FALSE
10.1016:j.psychsport.2020.101765,F,0.05,0.6792742111675316,FALSE,FALSE
10.1016:j.psychsport.2020.101765,F,0.05,0.5116360922405421,FALSE,FALSE
10.1016:j.psychsport.2020.101765,F,0.05,0.5267734667588237,FALSE,FALSE
10.1016:j.psychsport.2020.101765,F,0.05,0.6859880833344105,FALSE,FALSE
10.1016:j.psychsport.2020.101765,F,0.05,0.7422565604506339,FALSE,FALSE
10.1016:j.psychsport.2020.101765,F,0.05,0.08141993120760668,FALSE,FALSE
10.1016:j.psychsport.2020.101765,F,0.001,0.0011238159759099744,FALSE,FALSE
10.1016:j.psychsport.2020.101765,t,0.001,1.7215515072509878e-4,FALSE,FALSE
10.1016:j.psychsport.2020.101765,t,0.001,5.040734165309413e-4,FALSE,FALSE
10.1016:j.psychsport.2020.101765,t,0.518,0.5178034942100067,FALSE,FALSE
10.1016:j.psychsport.2021.101887,F,0.01,9.621244269387439e-8,FALSE,FALSE
10.1016:j.psychsport.2021.101887,F,0.01,6.206780981392134e-5,FALSE,FALSE
10.1016:j.psychsport.2021.101887,F,0.06,0.06201934733189486,FALSE,FALSE
10.1016:j.psychsport.2021.101887,F,0.07,0.0689127641501359,FALSE,FALSE
10.1016:j.psychsport.2021.101887,F,0.01,3.180397362075396e-7,FALSE,FALSE
10.1016:j.psychsport.2021.101887,F,0.83,0.8280970506960966,FALSE,FALSE
10.1016:j.psychsport.2021.101887,F,0.37,0.36647047687225776,FALSE,FALSE
10.1016:j.psychsport.2021.101887,F,0.01,8.011364711989384e-5,FALSE,FALSE
10.1016:j.psychsport.2021.101887,F,0.51,0.5105270457162379,FALSE,FALSE
10.1016:j.psychsport.2021.101887,F,0.24,0.2371756391039391,FALSE,FALSE
10.1016:j.psychsport.2021.101887,F,0.01,0.0013676634148281244,TRUE,FALSE
10.1016:j.psychsport.2021.101887,F,0.32,0.3110272646951985,TRUE,FALSE
10.1016:j.psychsport.2021.101887,F,0.13,0.13148426924515788,FALSE,FALSE
10.1016:j.psychsport.2021.101887,F,0.01,4.316668311611555e-5,FALSE,FALSE
10.1016:j.psychsport.2021.101887,F,0.31,0.30874496146249697,FALSE,FALSE
10.1016:j.psychsport.2021.101887,F,0.17,0.16410066003757726,FALSE,FALSE
10.1016:j.psychsport.2021.101887,F,0.54,0.5405270768598269,FALSE,FALSE
10.1016:j.psychsport.2021.101887,F,0.18,0.17596218637500233,FALSE,FALSE
10.1016:j.psychsport.2021.101887,F,0.62,0.6155575219844613,FALSE,FALSE
10.1016:j.psychsport.2021.101913,t,0.008,0.007673896941718623,FALSE,FALSE
10.1016:j.psychsport.2021.101913,t,0.001,3.024399472407595e-4,FALSE,FALSE
10.1016:j.psychsport.2021.101913,t,0.008,0.007540987131662347,FALSE,FALSE
10.1016:j.psychsport.2021.101913,t,0.001,7.419982913220397e-5,FALSE,FALSE
10.1016:j.psychsport.2021.101913,t,0.05,0.05379920701936319,FALSE,FALSE
10.1016:j.psychsport.2021.101913,t,0.001,0.0012173956427492727,FALSE,FALSE
10.1016:j.psychsport.2021.101913,t,0.002,0.002130363028471911,FALSE,FALSE
10.1016:j.psychsport.2021.101913,t,0.002,0.0018979234371019023,FALSE,FALSE
10.1016:j.psychsport.2021.101913,t,0.001,7.895735961038202e-5,FALSE,FALSE
10.1016:j.psychsport.2021.101913,t,0.001,2.8651952572918035e-4,FALSE,FALSE
10.1016:j.psychsport.2021.101913,t,0.005,0.005322303131411573,FALSE,FALSE
10.1016:j.psychsport.2021.101913,t,0.2,0.2023524131371497,FALSE,FALSE
10.1016:j.psychsport.2021.101913,t,0.045,0.04452290949369133,FALSE,FALSE
10.1016:j.psychsport.2021.101913,t,0.003,0.0026550654464868066,FALSE,FALSE
10.1016:j.psychsport.2021.101913,t,0.009,0.008559479212669651,FALSE,FALSE
10.1016:j.psychsport.2021.101913,t,0.005,0.005056987695660974,FALSE,FALSE
10.1016:j.psychsport.2021.101913,t,0.17,0.174654042214155,FALSE,FALSE
10.1016:j.psychsport.2021.101913,t,0.02,0.016921909932006037,FALSE,FALSE
10.1016:j.psychsport.2021.101913,t,0.005,0.005262285526402154,FALSE,FALSE
10.1016:j.psychsport.2021.101913,t,0.001,3.163609533287058e-4,FALSE,FALSE
10.1016:j.psychsport.2021.101913,t,0.03,0.02646909193697912,FALSE,FALSE
10.1016:j.psychsport.2021.101913,t,0.21,0.21128415975597767,FALSE,FALSE
10.1016:j.psychsport.2021.101913,t,0.008,0.007989505515998658,FALSE,FALSE
10.1016:j.psychsport.2021.101944,F,0.038,0.03988128550372067,TRUE,FALSE
10.1016:j.psychsport.2021.101944,t,0.043,0.042605738844422106,FALSE,FALSE
10.1016:j.psychsport.2021.101944,t,0.012,0.012066840782648112,FALSE,FALSE
10.1016:j.psychsport.2021.101944,t,0.05,0.04959276562871437,FALSE,FALSE
10.1016:j.psychsport.2021.101944,t,0.744,0.7432611534587994,FALSE,FALSE
10.1016:j.psychsport.2021.101944,F,0.001,6.6789406233993385e-56,FALSE,FALSE
10.1016:j.psychsport.2021.101944,F,0.001,1.1865853506215474e-31,FALSE,FALSE
10.1016:j.psychsport.2021.101944,F,0.039,0.03919787802336063,FALSE,FALSE
10.1016:j.psychsport.2021.101944,F,0.412,0.4115831367175059,FALSE,FALSE
10.1016:j.psychsport.2021.101944,t,0.074,0.0738010030507551,FALSE,FALSE
10.1016:j.psychsport.2021.101944,t,0.09,0.09040280640243153,FALSE,FALSE
10.1016:j.psychsport.2021.101944,F,0.038,0.037813239628071434,FALSE,FALSE
10.1016:j.psychsport.2021.101944,t,0.028,0.027568038345541966,FALSE,FALSE
10.1016:j.psychsport.2021.101944,F,0.001,1.9184622644163656e-32,FALSE,FALSE
10.1016:j.psychsport.2021.101944,F,0.001,4.466198851689031e-19,FALSE,FALSE
10.1016:j.psychsport.2021.101944,t,0.02,0.01992685598985697,FALSE,FALSE
10.1016:j.psychsport.2021.101944,t,0.019,0.018797009453311513,FALSE,FALSE
10.1016:j.psychsport.2021.102096,t,0.001,7.201468568673792e-7,FALSE,FALSE
10.1016:j.psychsport.2021.102096,t,0.001,2.750909241658779e-6,FALSE,FALSE
10.1016:j.psychsport.2021.102096,F,0.04,0.041269594269517464,FALSE,FALSE
10.1016:j.psychsport.2021.102096,F,0.03,0.02478859376305609,TRUE,FALSE
10.1016:j.psychsport.2021.102096,F,0.03,0.030260190099694582,FALSE,FALSE
10.1016:j.psychsport.2021.102096,F,0.001,5.209507388049775e-4,FALSE,FALSE
10.1016:j.psychsport.2021.102096,t,0.129,0.24466926149369533,TRUE,FALSE
10.1016:j.psychsport.2021.102096,F,0.03,0.030260190099694582,FALSE,FALSE
10.1016:j.psychsport.2021.102096,F,0.001,0.0012411752952240793,FALSE,FALSE
10.1016:j.psychsport.2021.102096,F,0.001,4.8049576273729124e-4,TRUE,FALSE
10.1016:j.psychsport.2021.102096,F,0.03,0.030260190099694582,FALSE,FALSE
10.1016:j.psychsport.2021.102096,F,0.045,0.045292907107035936,FALSE,FALSE
10.1016:j.psychsport.2021.102096,F,0.03,0.030260190099694582,FALSE,FALSE
10.1016:j.psychsport.2021.102096,F,0.013,0.012905647054037267,FALSE,FALSE
10.1016:j.psychsport.2021.102096,F,0.5,0.500194131290659,FALSE,FALSE
10.1016:j.psychsport.2021.102096,F,0.014,0.013788024934006361,FALSE,FALSE
10.1016:j.psychsport.2021.102096,F,0.024,0.023947459059176293,FALSE,FALSE
10.1016:j.psychsport.2021.102096,t,0.041,0.040992218585752874,FALSE,FALSE
10.1016:j.psychsport.2021.102096,t,0.12,0.12359302852228785,FALSE,FALSE
10.1016:j.psychsport.2021.102096,F,0.001,1.1749591923861768e-4,FALSE,FALSE
10.1016:j.psychsport.2021.102120,F,0.662,0.6619047919914612,FALSE,FALSE
10.1016:j.psychsport.2021.102120,F,0.001,5.423461924476505e-7,FALSE,FALSE
10.1016:j.psychsport.2021.102120,F,0.03,0.030024241993682785,FALSE,FALSE
10.1016:j.psychsport.2021.102120,t,0.034,0.04010428696214034,TRUE,FALSE
10.1016:j.psychsport.2021.102120,t,0.028,0.028548605243336165,FALSE,FALSE
10.1016:j.psychsport.2022.102144,F,0.45,0.45077937075074814,FALSE,FALSE
10.1016:j.psychsport.2022.102144,F,0.59,0.58692601458693,FALSE,FALSE
10.1016:j.psychsport.2022.102144,F,0.87,0.8633637520628217,FALSE,FALSE
10.1016:j.psychsport.2022.102144,F,0.65,0.6492474311783847,FALSE,FALSE
10.1016:j.psychsport.2022.102144,F,0.001,1.6788166371579583e-10,FALSE,FALSE
10.1016:j.psychsport.2022.102144,F,0.001,1.6921151758116323e-5,FALSE,FALSE
10.1016:j.psychsport.2022.102144,F,0.33,0.3257235948461449,FALSE,FALSE
10.1016:j.psychsport.2022.102144,F,0.53,0.5256207080017145,FALSE,FALSE
10.1016:j.psychsport.2022.102144,F,0.95,0.9208438530452802,FALSE,FALSE
10.1016:j.psychsport.2022.102144,F,0.06,0.0586058268561818,FALSE,FALSE
10.1016:j.psychsport.2022.102144,F,0.12,0.12244844299081128,FALSE,FALSE
10.1016:j.psychsport.2022.102144,F,0.13,0.12767248850682217,FALSE,FALSE
10.1016:j.psychsport.2022.102144,F,0.01,0.0075826043865050855,FALSE,FALSE
10.1016:j.psychsport.2022.102144,F,0.75,0.7418756749079225,FALSE,FALSE
10.1016:j.psychsport.2022.102144,F,0.11,0.10630893003921882,FALSE,FALSE
10.1016:j.psychsport.2022.102144,F,0.74,0.7308501616476348,FALSE,FALSE
10.1016:j.psychsport.2022.102144,F,0.4,0.3916412006956671,TRUE,FALSE
10.1016:j.psychsport.2022.102144,F,0.01,0.003199120248467024,FALSE,FALSE
10.1016:j.psychsport.2022.102144,F,0.03,0.025947456357105426,FALSE,FALSE
10.1016:j.psychsport.2022.102210,F,0.38,0.4432490263755713,TRUE,FALSE
10.1016:j.psychsport.2022.102210,F,0.001,5.356448635279235e-5,FALSE,FALSE
10.1016:j.psychsport.2022.102210,F,0.002,0.001603622640242703,FALSE,FALSE
10.1016:j.psychsport.2022.102210,F,0.26,0.25985531588698896,FALSE,FALSE
10.1016:j.psychsport.2022.102210,F,0.001,3.309089488944039e-5,FALSE,FALSE
10.1016:j.psychsport.2022.102210,F,0.001,3.138564695342379e-9,FALSE,FALSE
10.1016:j.psychsport.2022.102210,F,0.002,0.0016823267608416677,FALSE,FALSE
10.1016:j.psychsport.2022.102210,F,0.001,2.8166725212928393e-5,FALSE,FALSE
10.1016:j.psychsport.2022.102210,F,0.02,0.01571515346358887,FALSE,FALSE
10.1016:j.psychsport.2022.102210,F,0.001,4.1085409590291836e-5,FALSE,FALSE
10.1016:j.psychsport.2022.102210,F,0.04,0.035286232596481774,FALSE,FALSE
10.1016:j.psychsport.2022.102210,F,0.03,0.029905656258415438,FALSE,FALSE
10.1016:j.psychsport.2022.102210,F,0.001,2.963882797901858e-4,FALSE,FALSE
10.1016:j.psychsport.2022.102211,F,0.006,0.006255883965809082,FALSE,FALSE
10.1016:j.psychsport.2022.102211,F,0.281,0.2808717333670577,FALSE,FALSE
10.1016:j.psychsport.2022.102211,F,0.045,0.04526071437477525,FALSE,FALSE
10.1016:j.psychsport.2022.102211,F,0.656,0.6554878039498692,FALSE,FALSE
10.1016:j.psychsport.2022.102211,F,0.042,0.042415463297195116,FALSE,FALSE
10.1016:j.psychsport.2022.102211,F,0.033,0.03258085951922029,FALSE,FALSE
10.1016:j.psychsport.2022.102211,F,0.043,0.04253533053721212,FALSE,FALSE
10.1016:j.psychsport.2022.102211,F,0.033,0.03258085951922029,FALSE,FALSE
10.1016:j.psychsport.2022.102211,F,0.036,0.03578942217886891,FALSE,FALSE
10.1016:j.psychsport.2022.102211,F,0.447,0.3970036873332178,TRUE,FALSE
10.1016:j.psychsport.2022.102300,F,0.003,0.0027658008493078113,FALSE,FALSE
10.1016:j.psychsport.2022.102300,F,0.013,0.012729841946372026,FALSE,FALSE
10.1016:j.psychsport.2022.102300,F,0.001,3.093958694079721e-8,FALSE,FALSE
10.1016:j.psychsport.2022.102300,F,0.001,2.8866092372386754e-8,FALSE,FALSE
10.1016:j.psychsport.2022.102300,F,0.029,0.029482986152936166,FALSE,FALSE
10.1016:j.psychsport.2022.102300,F,0.004,0.003627523921469209,FALSE,FALSE
10.1016:j.psychsport.2022.102300,F,0.449,0.44870048990269606,FALSE,FALSE
10.1016:j.psychsport.2022.102300,F,0.001,1.6853671316272535e-8,FALSE,FALSE
10.1016:j.psychsport.2022.102300,F,0.007,0.007100139816362154,FALSE,FALSE
10.1016:j.psychsport.2022.102300,F,0.001,6.609029987940651e-4,FALSE,FALSE
10.1016:j.psychsport.2022.102300,F,0.433,0.4335286336380375,FALSE,FALSE
10.1016:j.psychsport.2022.102301,t,0.201,0.20169245447022133,FALSE,FALSE
10.1016:j.psychsport.2022.102301,t,0.168,0.16934477616947563,FALSE,FALSE
10.1016:j.psychsport.2022.102301,t,0.001,1.4479700447029626e-13,FALSE,FALSE
10.1016:j.psychsport.2022.102301,t,0.04,0.03967573725686226,FALSE,FALSE
10.1016:j.psychsport.2022.102301,F,0.001,4.014161547966768e-18,FALSE,FALSE
10.1016:j.psychsport.2022.102301,F,0.027,0.026538101858803797,FALSE,FALSE
10.1016:j.psychsport.2022.102301,F,0.036,0.03603011090968348,FALSE,FALSE
10.1016:j.psychsport.2022.102301,F,0.022,0.021719222147117828,FALSE,FALSE
10.1016:j.psychsport.2022.102301,F,0.001,4.3934237693928627e-4,FALSE,FALSE
10.1016:j.psychsport.2022.102301,F,0.745,0.7412449563115069,FALSE,FALSE
10.1016:j.psychsport.2022.102301,F,0.001,3.0405824546558827e-31,FALSE,FALSE
10.1016:j.psychsport.2022.102301,F,0.003,0.0026079908097934113,FALSE,FALSE
10.1016:j.psychsport.2022.102301,F,0.001,1.2227679388208848e-5,FALSE,FALSE
10.1016:j.psychsport.2022.102301,F,0.001,3.138874560080604e-13,FALSE,FALSE
10.1016:j.psychsport.2022.102301,F,0.001,2.1996229527385396e-31,FALSE,FALSE
10.1016:j.psychsport.2022.102301,F,0.001,4.2068003506079145e-26,FALSE,FALSE
10.1016:j.psychsport.2022.102332,F,0.001,7.548709878187237e-34,FALSE,FALSE
10.1016:j.psychsport.2022.102332,F,0.001,8.630783515747953e-19,FALSE,FALSE
10.1016:j.psychsport.2022.102332,F,0.35,0.3459841034804394,FALSE,FALSE
10.1016:j.psychsport.2022.102332,F,0.011,0.02137757616504287,TRUE,FALSE
10.1016:j.psychsport.2022.102332,F,0.251,0.25155951330030724,FALSE,FALSE
10.1016:j.psychsport.2022.102332,F,0.379,0.39667394005863055,TRUE,FALSE
10.1016:j.psychsport.2022.102332,F,0.001,2.117854674306099e-6,FALSE,FALSE
10.1016:j.psychsport.2022.102332,F,0.029,0.02939341389320764,FALSE,FALSE
10.1016:j.psychsport.2022.102332,F,0.026,0.025956357472576616,FALSE,FALSE
10.1016:j.psychsport.2022.102332,F,0,3.5745844065860245e-55,TRUE,FALSE
10.1016:j.psychsport.2022.102332,F,0.363,0.36250010822809564,FALSE,FALSE
10.1016:j.psychsport.2022.102332,F,0,2.5222350065258574e-18,TRUE,FALSE
10.1016:j.psychsport.2022.102332,F,0.179,0.17871126760121958,FALSE,FALSE
10.1016:j.psychsport.2022.102332,F,0.151,0.15052657534312508,FALSE,FALSE
10.1016:j.psychsport.2022.102332,F,0.001,1.5831342497240683e-15,TRUE,FALSE
10.1016:j.psychsport.2022.102332,F,0.01,0.009553443577925012,FALSE,FALSE
10.1016:j.psychsport.2022.102332,F,0,1.1725481252921224e-8,TRUE,FALSE
10.1016:j.psychsport.2022.102332,F,0.581,0.5803739293811601,FALSE,FALSE
10.1016:j.psychsport.2022.102332,F,0.287,0.2875505253907398,FALSE,FALSE
10.1016:j.psychsport.2023.102422,F,0.001,2.1864207395323984e-4,FALSE,FALSE
10.1016:j.psychsport.2023.102422,F,0.004,0.0026552538618487783,TRUE,FALSE
10.1016:j.psychsport.2023.102422,F,0.001,5.755075402846575e-6,FALSE,FALSE
10.1016:j.psychsport.2023.102422,F,0.022,0.02218135719233041,FALSE,FALSE
10.1016:j.psychsport.2023.102422,F,0.009,0.008635220425246982,FALSE,FALSE
10.1016:j.psychsport.2023.102422,F,0.296,0.2958438790740476,FALSE,FALSE
10.1016:j.psychsport.2023.102459,F,0.05,0.04987725287585163,FALSE,FALSE
10.1016:j.psychsport.2023.102459,F,0.04,0.039598045996675345,FALSE,FALSE
10.1016:j.psychsport.2023.102459,F,0.06,0.06301938755737543,FALSE,FALSE
10.1016:j.psychsport.2023.102459,F,0.001,3.30510934211311e-33,FALSE,FALSE
10.1016:j.psychsport.2023.102459,F,0.06,0.06234900112386628,FALSE,FALSE
10.1016:j.psychsport.2023.102459,F,0.56,0.5554387348244625,FALSE,FALSE
10.1016:j.psychsport.2023.102459,F,0.09,0.08820146419524812,FALSE,FALSE
10.1016:j.psychsport.2023.102459,F,0.6,0.6013955454822455,FALSE,FALSE
10.1016:j.psychsport.2023.102459,F,0.05,0.08180459633415593,FALSE,FALSE
10.1016:j.psychsport.2023.102459,F,0.01,0.009876313093338536,FALSE,FALSE
10.1016:j.psychsport.2023.102459,F,0.001,0.0023625339768695765,TRUE,FALSE
10.1016:j.psychsport.2023.102459,F,0.002,0.001858484876894333,FALSE,FALSE
10.1016:j.psychsport.2023.102459,F,0.39,0.3887491037077586,FALSE,FALSE
10.1016:j.psychsport.2023.102459,F,0.35,0.3452673774266442,FALSE,FALSE
10.1016:j.psychsport.2023.102459,F,0.23,0.22543167496093658,FALSE,FALSE
10.1016:j.psychsport.2023.102459,F,0.78,0.7790832815197288,FALSE,FALSE
10.1016:j.psychsport.2023.102459,F,0.86,0.8626927159257792,FALSE,FALSE
10.1016:j.psychsport.2023.102459,F,0.001,4.425140544764618e-6,FALSE,FALSE
10.1016:j.psychsport.2023.102459,F,0.01,0.011099598972783656,FALSE,FALSE
10.1016:j.psychsport.2023.102459,F,0.04,0.03701676505332982,FALSE,FALSE
10.1016:j.psychsport.2023.102459,F,0.82,0.47181504409640473,TRUE,FALSE
10.1016:j.psychsport.2023.102459,F,0.36,0.35565374712943615,FALSE,FALSE
10.1016:j.psychsport.2023.102459,F,0.001,6.785263923176788e-9,FALSE,FALSE
10.1016:j.psychsport.2023.102459,F,0.01,0.004925085140747125,TRUE,FALSE
10.1016:j.psychsport.2023.102459,F,0.31,0.3069377564154578,FALSE,FALSE
10.1016:j.psychsport.2023.102459,F,0.001,1.7950481642726939e-4,FALSE,FALSE
10.1016:j.psychsport.2023.102459,F,0.001,0.001456817551868322,TRUE,FALSE
10.1016:j.psychsport.2023.102459,F,0.42,0.4176512469628283,TRUE,FALSE
10.1016:j.psychsport.2023.102459,F,0.26,0.25428709515411585,FALSE,FALSE
10.1080:02640414.2020.1809974,F,0.493,0.4909093465297727,FALSE,FALSE
10.1080:02640414.2020.1809974,F,0.662,0.6589634854327717,FALSE,FALSE
10.1080:02640414.2020.1809974,F,0.093,0.09306348167355763,FALSE,FALSE
10.1080:02640414.2020.1809974,F,0.205,0.20525122276658386,FALSE,FALSE
10.1080:02640414.2020.1809974,F,0.962,0.9607343457552919,FALSE,FALSE
10.1080:02640414.2020.1809974,F,0.481,0.481803599111084,FALSE,FALSE
10.1080:02640414.2020.1809974,F,0.927,0.9277172608474598,FALSE,FALSE
10.1080:02640414.2020.1809974,F,0.896,0.20525122276658386,TRUE,FALSE
10.1080:02640414.2020.1809974,F,0.475,0.476521750150409,FALSE,FALSE
10.1080:02640414.2020.1809974,F,0.9,0.9019881605721848,FALSE,FALSE
10.1080:02640414.2020.1809974,F,0.479,0.47674268518097024,FALSE,FALSE
10.1080:02640414.2020.1809974,F,0.242,0.24267114995648364,FALSE,FALSE
10.1080:02640414.2020.1809974,F,0.719,0.7175715424958524,FALSE,FALSE
10.1080:02640414.2020.1809974,F,0.9,0.8960143729073622,FALSE,FALSE
10.1080:02640414.2020.1809974,F,0.497,0.49579335609626907,FALSE,FALSE
10.1080:02640414.2020.1809974,F,0.207,0.20643421194253608,FALSE,FALSE
10.1080:02640414.2020.1809974,F,0.033,0.03267412072310479,FALSE,FALSE
10.1080:02640414.2020.1809974,F,0.854,0.8553246788728631,FALSE,FALSE
10.1080:02640414.2020.1809974,F,0.862,0.8610297301744814,FALSE,FALSE
10.1080:02640414.2020.1809974,F,0.343,0.34278039925752213,FALSE,FALSE
10.1080:02640414.2020.1809974,F,0.006,0.005553213380697438,FALSE,FALSE
10.1080:02640414.2020.1809974,F,0.308,0.3083186679734209,FALSE,FALSE
10.1080:02640414.2020.1809974,F,0.517,0.5162005220772033,FALSE,FALSE
10.1080:02640414.2020.1809974,F,0.538,0.540097099529336,FALSE,FALSE
10.1080:02640414.2020.1809974,F,0.416,0.4219346900334119,TRUE,FALSE
10.1080:02640414.2020.1809974,F,0.363,0.36687072352740235,TRUE,FALSE
10.1080:02640414.2020.1809974,F,0.449,0.44966252213051855,FALSE,FALSE
10.1080:02640414.2020.1809974,F,0.956,0.9608150377935263,FALSE,FALSE
10.1080:02640414.2020.1809974,F,0.147,0.14698866966106863,FALSE,FALSE
10.1080:02640414.2020.1809975,F,0.005,0.004987023794207454,FALSE,FALSE
10.1080:02640414.2020.1809975,F,0.001,6.675433942401684e-5,FALSE,FALSE
10.1080:02640414.2020.1809975,F,0.001,3.8878388755466066e-7,TRUE,FALSE
10.1080:02640414.2020.1809975,F,0.037,0.03690283050042521,FALSE,FALSE
10.1080:02640414.2020.1809975,F,0.037,0.037193906271665404,FALSE,FALSE
10.1080:02640414.2020.1809975,F,0.001,2.6458432551029427e-14,FALSE,FALSE
10.1080:02640414.2020.1809975,F,0.001,9.074485155267654e-4,FALSE,FALSE
10.1080:02640414.2020.1809975,F,0.001,5.601309102339817e-11,FALSE,FALSE
10.1080:02640414.2020.1809976,t,0.162,0.1625604205559669,FALSE,FALSE
10.1080:02640414.2020.1809976,t,0.545,0.5454892517101197,FALSE,FALSE
10.1080:02640414.2020.1824340,F,1e-4,9.566405946168138e-7,FALSE,FALSE
10.1080:02640414.2020.1824340,F,1e-4,2.8147218311630217e-6,FALSE,FALSE
10.1080:02640414.2020.1824340,F,1e-4,1.7746398004334165e-10,FALSE,FALSE
10.1080:02640414.2020.1824340,F,1e-4,4.300454476766435e-9,FALSE,FALSE
10.1080:02640414.2020.1824340,F,1e-4,5.440316534478998e-9,FALSE,FALSE
10.1080:02640414.2020.1824340,F,0.005,0.004227574942413838,FALSE,FALSE
10.1080:02640414.2021.1957294,F,0.001,0.034151474618834485,TRUE,FALSE
10.1080:02640414.2021.1957294,F,0.014,0.014123964611255665,FALSE,FALSE
10.1080:02640414.2021.1957294,F,0.006,0.006053408647178646,FALSE,FALSE
10.1080:02640414.2021.1957294,F,0.008,0.0030029330305724076,TRUE,FALSE
10.1080:02640414.2021.1957294,F,0.002,0.0017492382724152453,FALSE,FALSE
10.1080:02640414.2021.1957294,F,0.001,1.0988021481233763e-4,FALSE,FALSE
10.1080:02640414.2021.2015946,F,0.001,5.6350710717829204e-6,FALSE,FALSE
10.1080:02640414.2021.2015946,F,0.001,5.943420328733303e-6,FALSE,FALSE
10.1080:02640414.2021.2015946,F,0.001,5.821598528703812e-7,FALSE,FALSE
10.1080:02640414.2021.2015946,F,0.001,5.236064679328643e-5,FALSE,FALSE
10.1080:02640414.2021.2015946,F,0.021,0.021178157091635882,FALSE,FALSE
10.1080:02640414.2021.2015946,F,0.02,0.02132444123183628,FALSE,FALSE
10.1080:02640414.2021.2015946,F,0.04,0.04291129680279688,FALSE,FALSE
10.1080:02640414.2021.2015946,F,0.044,0.0808493754881294,TRUE,TRUE
10.1080:02640414.2021.2015946,F,0.04,0.04205169554440753,FALSE,FALSE
10.1080:02640414.2021.2015946,F,0.02,0.01802636381535157,FALSE,FALSE
10.1080:02640414.2021.2015946,F,0.001,3.021863472093596e-4,FALSE,FALSE
10.1080:02640414.2021.2015946,F,0.005,0.017762879080829574,TRUE,FALSE
10.1080:02640414.2021.2015946,F,0.004,0.004130304158341883,FALSE,FALSE
10.1080:02640414.2021.2015946,F,0.004,0.0038779799872082753,FALSE,FALSE
10.1080:02640414.2021.2015946,F,0.001,0.0013146549908384275,FALSE,FALSE
10.1080:02640414.2021.2015946,F,0.015,0.01573681170883735,TRUE,FALSE
10.1080:02640414.2021.2015946,F,0.001,9.424385362083448e-5,FALSE,FALSE
10.1080:02640414.2021.2015946,F,0.001,4.387330498861549e-4,FALSE,FALSE
10.1080:02640414.2021.2015946,F,0.001,1.0165755003898001e-6,FALSE,FALSE
10.1080:02640414.2021.2015946,F,0.005,0.004612551193115267,FALSE,FALSE
10.1080:02640414.2021.2015946,F,0.004,0.004369780615537499,FALSE,FALSE
10.1080:02640414.2021.2015946,F,0.001,0.039983669430978266,TRUE,FALSE
10.1080:02640414.2021.2015946,F,0.004,0.0037581058753884218,FALSE,FALSE
10.1080:02640414.2021.2015946,F,0.025,0.024549948421734757,FALSE,FALSE
10.1080:02640414.2021.2015946,F,0.003,0.002837965987902611,FALSE,FALSE
10.1080:02640414.2021.2015946,F,0.005,0.004875636001958544,FALSE,FALSE
10.1080:02640414.2021.2015946,F,0.001,0.001028258436074895,FALSE,FALSE
10.1080:02640414.2022.2094560,F,0.631,0.9986052121254352,FALSE,FALSE
10.1080:02640414.2022.2150419,F,0.001,5.874181115501382e-7,FALSE,FALSE
10.1080:02640414.2022.2150419,F,0.05,0.04610395803754616,FALSE,FALSE
10.1080:02640414.2022.2150419,F,0.05,0.0370048011063755,FALSE,FALSE
10.1080:02640414.2022.2150419,F,0.001,8.769973001743406e-4,FALSE,FALSE
10.1080:02640414.2022.2150419,t,0.05,0.03878254992343607,FALSE,FALSE
10.1080:17461391.2019.1595739,F,0.001,1.587518212350751e-12,FALSE,FALSE
10.1080:17461391.2019.1595739,F,0.341,0.3396784215855557,FALSE,FALSE
10.1080:17461391.2019.1595739,F,0.999,1,FALSE,FALSE
10.1080:17461391.2019.1595739,t,0.001,1.1878733294927076e-6,FALSE,FALSE
10.1080:17461391.2019.1595739,F,0.023,0.02267182455145647,FALSE,FALSE
10.1080:17461391.2019.1595739,F,0.001,8.382446876373286e-20,FALSE,FALSE
10.1080:17461391.2019.1595739,F,0.056,0.05646444273381047,FALSE,FALSE
10.1080:17461391.2019.1595739,t,0.001,6.475221465043684e-6,FALSE,FALSE
10.1080:17461391.2019.1595739,t,0.001,6.274146338230057e-8,FALSE,FALSE
10.1080:17461391.2019.1595739,t,0.012,0.02999865200537618,TRUE,FALSE
10.1080:17461391.2019.1595739,t,0.018,0.0175579542625337,FALSE,FALSE
10.1080:17461391.2019.1595739,t,0.038,0.0382146617453721,FALSE,FALSE
10.1080:17461391.2019.1595739,t,0.009,0.008999001775722056,FALSE,FALSE
10.1080:17461391.2019.1611931,F,0.917,0.9141547287516878,FALSE,FALSE
10.1080:17461391.2019.1611931,F,0.078,0.07786456385555418,FALSE,FALSE
10.1080:17461391.2019.1611931,F,0.917,0.9141547287516878,FALSE,FALSE
10.1080:17461391.2019.1611931,F,0.001,1.7097705817037605e-7,FALSE,FALSE
10.1080:17461391.2019.1611931,F,0.001,1.690155375972757e-5,FALSE,FALSE
10.1080:17461391.2019.1611931,F,0.001,6.350333084445238e-7,FALSE,FALSE
10.1080:17461391.2019.1611931,F,0.261,0.2608615487374926,FALSE,FALSE
10.1080:17461391.2019.1611931,F,0.05,1.1805263089372668e-14,FALSE,FALSE
10.1080:17461391.2019.1611931,F,0.01,3.355847769822041e-10,FALSE,FALSE
10.1080:17461391.2019.1611931,t,0.01,2.5702240764234117e-10,FALSE,FALSE
10.1080:17461391.2019.1611931,t,0.01,2.63928522941098e-6,FALSE,FALSE
10.1080:17461391.2019.1611931,t,0.01,0.00815906819956562,FALSE,FALSE
10.1080:17461391.2019.1611931,t,0.01,6.06357259909976e-7,FALSE,FALSE
10.1080:17461391.2020.1722255,t,0.002,0.0019632838378792765,FALSE,FALSE
10.1080:17461391.2020.1722255,t,0.003,0.0029426407825679014,FALSE,FALSE
10.1080:17461391.2020.1722255,F,0.006,0.0064884394535473225,FALSE,FALSE
10.1080:17461391.2020.1722255,F,0.023,0.022894410881575254,FALSE,FALSE
10.1080:17461391.2020.1722255,F,0.011,0.01073445545689225,FALSE,FALSE
10.1080:17461391.2020.1722255,F,0.305,0.30500916976252307,FALSE,FALSE
10.1080:17461391.2020.1722255,t,1,1,FALSE,FALSE
10.1080:17461391.2020.1725137,F,0.82,0.7397954788304197,TRUE,FALSE
10.1080:17461391.2020.1725137,F,0.01,2.8207692588327703e-4,FALSE,FALSE
10.1080:17461391.2020.1739144,F,0.001,5.200274286638839e-41,FALSE,FALSE
10.1080:17461391.2020.1739144,F,0.629,0.629255846138478,FALSE,FALSE
10.1080:17461391.2020.1739144,F,0.066,0.06609716280243444,FALSE,FALSE
10.1080:17461391.2020.1809714,t,0.001,5.768257930850951e-17,FALSE,FALSE
10.1080:17461391.2020.1809714,t,0.001,2.1238455327472157e-9,FALSE,FALSE
10.1080:17461391.2020.1809714,t,0.001,3.982380469788451e-14,FALSE,FALSE
10.1080:17461391.2020.1809714,t,0.001,1.2950110650645277e-14,FALSE,FALSE
10.1080:17461391.2020.1809714,F,0.809,0.8094078935681153,FALSE,FALSE
10.1080:17461391.2020.1809714,F,0.002,0.0020800823128953524,FALSE,FALSE
10.1080:17461391.2020.1809714,t,0.006,0.0061578927935773626,FALSE,FALSE
10.1080:17461391.2020.1809714,t,0.002,0.0016080723039625813,FALSE,FALSE
10.1080:17461391.2020.1809714,t,0.023,0.022541574660729508,FALSE,FALSE
10.1080:17461391.2020.1809714,t,0.407,0.40694539637419835,FALSE,FALSE
10.1080:17461391.2020.1809714,t,0.451,0.45066012592603877,FALSE,FALSE
10.1080:17461391.2020.1809714,t,0.791,0.7910994498149624,FALSE,FALSE
10.1080:17461391.2020.1838617,F,1e-4,3.569941782840926e-6,FALSE,FALSE
10.1080:17461391.2020.1838617,F,0.8158,0.8157481603668644,FALSE,FALSE
10.1080:17461391.2020.1838617,F,0.003,0.003037008234562259,FALSE,FALSE
10.1080:17461391.2020.1838617,F,1e-4,2.0528363484093722e-5,FALSE,FALSE
10.1080:17461391.2020.1838617,F,0.0039,0.0038965642190562796,FALSE,FALSE
10.1080:17461391.2020.1838617,F,1e-4,9.882227279793193e-5,FALSE,FALSE
10.1080:17461391.2020.1838617,F,1e-4,1.0261128505128692e-6,FALSE,FALSE
10.1080:17461391.2020.1838617,F,0.1227,0.12268197560773586,FALSE,FALSE
10.1080:17461391.2020.1838617,F,0.1001,0.10009541585937647,FALSE,FALSE
10.1080:17461391.2020.1838617,F,0.0813,0.08134450991980847,FALSE,FALSE
10.1080:17461391.2020.1838617,F,0.0226,0.022644555736336967,FALSE,FALSE
10.1080:17461391.2020.1838617,F,0.0215,0.0214647233975563,FALSE,FALSE
10.1111:sms.14072,t,0.74,0.7347944303815985,FALSE,FALSE
10.1111:sms.14072,t,0.55,0.556940807357794,FALSE,FALSE
10.1111:sms.14072,F,0.001,1.134186861811668e-6,FALSE,FALSE
10.1111:sms.14072,F,0.038,0.037774684173668506,FALSE,FALSE
10.1111:sms.14072,F,0.206,0.2055903087083573,FALSE,FALSE
10.1111:sms.14072,F,0.449,0.44866915142521036,FALSE,FALSE
10.1111:sms.14072,F,0.155,0.15443783299904618,FALSE,FALSE
10.1111:sms.14072,F,0.013,0.013331278776403254,FALSE,FALSE
10.1111:sms.14072,t,0.036,0.036324321696927814,FALSE,FALSE
10.1111:sms.14092,F,0.006,0.005530989099348323,FALSE,FALSE
10.1111:sms.14092,F,0.188,0.18777542877839506,FALSE,FALSE
10.1111:sms.14092,F,0,1.1129788006590688e-4,TRUE,FALSE
10.1111:sms.14092,F,0.492,0.4901438492658531,FALSE,FALSE
10.1111:sms.14092,F,0.002,0.002267466577488638,FALSE,FALSE
10.1111:sms.14092,F,0.106,0.10614146028565924,FALSE,FALSE
10.1111:sms.14092,F,0.024,0.023617743530343998,FALSE,FALSE
10.1111:sms.14092,F,0.112,0.11223643777522543,FALSE,FALSE
10.1111:sms.14092,F,0.169,0.16922274182803212,FALSE,FALSE
10.1111:sms.14092,F,0.328,0.3276046148342753,FALSE,FALSE
10.1111:sms.14092,F,0.14,0.140352373355748,FALSE,FALSE
10.1111:sms.14092,F,0.016,0.01587909002711605,FALSE,FALSE
10.1111:sms.14237,F,0.226,0.22608929276900117,FALSE,FALSE
10.1111:sms.14237,F,0.18,0.17958113746692278,FALSE,FALSE
10.1111:sms.14237,F,0.453,0.4528252980261319,FALSE,FALSE
10.1111:sms.14237,F,0.151,0.1508425443603745,FALSE,FALSE
10.1111:sms.14237,F,0.415,0.41526663867188385,FALSE,FALSE
10.1111:sms.14237,F,0.97,0.9749475544000592,FALSE,FALSE
10.1111:sms.14237,F,0.785,0.7849120960850804,FALSE,FALSE
10.1111:sms.14237,F,0.966,0.9645765586869234,FALSE,FALSE
10.1111:sms.14237,F,0.022,0.021712662455061406,FALSE,FALSE
10.1111:sms.14321,F,0.148,0.14782323131879843,FALSE,FALSE
10.1111:sms.14321,F,0.069,0.06852242314160614,FALSE,FALSE
10.1111:sms.14321,F,0.01,2.493113130540367e-10,FALSE,FALSE
10.1111:sms.14321,F,0.764,0.7664747567413559,FALSE,FALSE
10.1111:sms.14321,F,0.124,0.12270609902348908,TRUE,FALSE
10.1111:sms.14321,F,0.262,0.26102173479085733,TRUE,FALSE
10.1111:sms.14321,F,0.586,0.5859200501815054,FALSE,FALSE
10.1111:sms.14321,F,0.246,0.24605232496843,FALSE,FALSE
10.1111:sms.14321,F,0.001,6.176826490980865e-4,FALSE,FALSE
10.1111:sms.14457,F,0.001,1.2465768981126216e-13,TRUE,FALSE
10.1111:sms.14457,F,0.001,7.474081483727764e-15,TRUE,FALSE
10.1111:sms.14457,F,0.04,0.04316852071316323,FALSE,FALSE
10.1111:sms.14457,F,0.02,0.0034862247266948245,TRUE,FALSE
10.1111:sms.14457,F,0.001,6.64738134833144e-80,TRUE,FALSE
10.1111:sms.14457,F,0.82,0.40986771758368346,TRUE,FALSE
10.1111:sms.14457,F,0.37,0.5234820484174434,TRUE,FALSE
10.1111:sms.14457,F,0.001,3.3378711567299286e-94,TRUE,FALSE
10.1111:sms.14457,F,0.97,0.8637362834613385,TRUE,FALSE
10.1111:sms.14457,F,0.73,0.7381007254759776,FALSE,FALSE
10.1111:sms.14717,F,0.001,5.892102430071338e-42,TRUE,FALSE
10.1111:sms.14717,F,0.02,2.735277935230762e-12,TRUE,FALSE
10.1111:sms.14717,F,0.001,2.539167636879936e-6,TRUE,FALSE
10.1111:sms.14717,F,0.001,3.327850227334816e-11,TRUE,FALSE
10.1111:sms.14717,F,0.001,2.4044965937598702e-11,TRUE,FALSE
10.1111:sms.14717,F,0.001,2.7401899465117928e-11,TRUE,FALSE
10.1111:sms.14717,F,0.001,2.185520165916941e-11,TRUE,FALSE
10.1111:sms.14717,F,0.001,2.1328558321876465e-11,TRUE,FALSE
10.1111:sms.14717,F,0.001,3.43817571395879e-11,TRUE,FALSE
10.1111:sms.14717,F,0.55,0.5527317377579903,FALSE,FALSE
10.1111:sms.14717,F,0.62,0.6275480871632206,FALSE,FALSE
10.1111:sms.14717,F,0.93,0.920968208507683,FALSE,FALSE
10.1111:sms.14717,F,0.56,0.5639163126450366,FALSE,FALSE
10.1111:sms.14717,F,0.77,0.7791190342742358,FALSE,FALSE
10.1111:sms.14717,F,0.8,0.8080599620497841,FALSE,FALSE
10.1111:sms.14717,F,0.6,0.6069077140754761,FALSE,FALSE
10.1111:sms.14717,F,0.54,0.5472978391739003,FALSE,FALSE
10.1111:sms.14717,F,0.44,0.44426407556893455,FALSE,FALSE
10.1111:sms.14717,F,0.5,0.5024993780248969,FALSE,FALSE
10.1111:sms.14717,F,0.45,0.45188887023309054,FALSE,FALSE
10.1111:sms.14717,F,0.5,0.4979240694553836,FALSE,FALSE
10.1111:sms.14717,F,0.5,0.5118730657642102,TRUE,FALSE
10.1111:sms.14717,F,0.56,0.5639163126450366,FALSE,FALSE
10.1111:sms.14717,F,0.94,0.9997996461632905,TRUE,FALSE
10.1111:sms.14717,F,0.57,0.8641609718298011,TRUE,FALSE
10.1111:sms.14717,F,0.01,2.4289200150039738e-5,TRUE,FALSE
10.1111:sms.14717,F,0.02,1.85770728138905e-4,TRUE,FALSE
10.1111:sms.14717,F,0.001,8.571196369474788e-9,TRUE,FALSE
10.1111:sms.14717,F,0.001,7.205320023453417e-12,TRUE,FALSE
10.1111:sms.14717,F,0.001,1.4891881566165352e-8,TRUE,FALSE
10.1111:sms.14717,F,0.001,1.0932940246368356e-11,TRUE,FALSE
10.1111:sms.14717,F,0.95,0.920968208507683,TRUE,FALSE
10.1111:sms.14717,F,0.83,0.8427461746499886,FALSE,FALSE
10.1111:sms.14717,F,0.001,6.570760208314035e-10,TRUE,FALSE
10.1111:sms.14717,F,0.99,0.920968208507683,TRUE,FALSE
10.1111:sms.14717,F,0.8,0.8080599620497841,FALSE,FALSE
10.1111:sms.14717,F,0.001,1.5831209175328693e-4,TRUE,FALSE
10.1111:sms.14717,F,0.001,5.217147771406318e-10,TRUE,FALSE
10.1111:sms.14717,F,0.2,0.21089052449303766,TRUE,FALSE
10.1111:sms.14717,F,0.001,0.004772255894601727,TRUE,FALSE
10.1111:sms.14717,F,0.002,0.0021357792186576987,FALSE,FALSE
10.1123:ijsnem.2019-0308,F,0.88,0.8876280609322504,FALSE,FALSE
10.1123:ijsnem.2019-0308,F,0.16,0.1552363742350011,FALSE,FALSE
10.1123:ijsnem.2019-0308,F,0.39,0.38713745383707743,FALSE,FALSE
10.1123:ijsnem.2019-0308,F,0.09,0.09949830561497777,TRUE,FALSE
10.1123:ijsnem.2019-0308,F,0.44,0.43926859152782194,FALSE,FALSE
10.1123:ijsnem.2019-0308,F,0.21,0.2084393280132451,FALSE,FALSE
10.1123:ijsnem.2019-0308,F,0.51,0.5075641465951694,FALSE,FALSE
10.1123:ijsnem.2019-0308,F,0.36,0.36290679065880005,FALSE,FALSE
10.1123:ijsnem.2019-0308,F,0.13,0.1320606895077878,FALSE,FALSE
10.1123:ijsnem.2019-0308,F,0.02,0.02435008996614763,FALSE,FALSE
10.1123:ijsnem.2019-0308,F,0.19,0.19720874298851082,TRUE,FALSE
10.1123:ijsnem.2019-0308,F,0.02,0.019000314260551338,FALSE,FALSE
10.1123:ijsnem.2019-0308,F,0.59,0.5906725803283216,FALSE,FALSE
10.1123:ijsnem.2019-0308,F,0.06,0.0643652522608685,FALSE,FALSE
10.1123:ijsnem.2019-0308,F,0.29,0.29281712269128385,FALSE,FALSE
10.1123:ijsnem.2019-0308,F,0.19,0.18801112793817512,FALSE,FALSE
10.1123:ijsnem.2019-0308,F,0.001,9.091167645780576e-9,FALSE,FALSE
10.1123:ijsnem.2019-0308,F,0.001,1.7010436930411948e-4,FALSE,FALSE
10.1123:ijsnem.2019-0308,F,0.001,9.921167385469486e-23,FALSE,FALSE
10.1123:ijsnem.2019-0308,F,0.001,4.8667782412029607e-4,FALSE,FALSE
10.1123:ijsnem.2019-0308,F,0.005,0.005635659317566124,TRUE,FALSE
10.1123:ijsnem.2019-0308,F,0.001,9.164544639239164e-6,FALSE,FALSE
10.1123:ijsnem.2019-0308,F,0.001,3.119966123650411e-7,FALSE,FALSE
10.1123:ijsnem.2019-0308,F,0.001,4.048405787892254e-15,FALSE,FALSE
10.1123:ijsnem.2019-0308,F,0.76,0.7650120044557467,FALSE,FALSE
10.1123:ijsnem.2019-0308,F,0.13,0.12687252884869843,FALSE,FALSE
10.1123:ijsnem.2019-0308,F,0.69,0.6919846683190609,FALSE,FALSE
10.1123:ijsnem.2019-0308,F,0.18,0.1762506459332911,FALSE,FALSE
10.1123:ijsnem.2019-0308,F,0.78,0.7795848263933961,FALSE,FALSE
10.1123:ijsnem.2019-0308,F,0.14,0.14095334471499482,FALSE,FALSE
10.1123:ijsnem.2019-0308,F,0.19,0.19497933291921773,FALSE,FALSE
10.1123:ijsnem.2019-0308,F,0.55,0.5492566611920675,FALSE,FALSE
10.1123:ijsnem.2019-0308,F,0.59,0.5845609602672281,FALSE,FALSE
10.1123:ijsnem.2019-0308,F,0.57,0.566368437859305,FALSE,FALSE
10.1123:ijsnem.2019-0308,F,0.49,0.49849494316565424,TRUE,FALSE
10.1123:ijsnem.2019-0308,F,0.94,0.9204543921932361,FALSE,FALSE
10.1123:ijsnem.2019-0308,F,0.55,0.5492566611920675,FALSE,FALSE
10.1123:ijsnem.2019-0308,F,0.96,0.9204475884184712,TRUE,FALSE
10.1123:ijsnem.2019-0308,F,0.92,0.9204475884184712,FALSE,FALSE
10.1123:ijsnem.2019-0308,F,0.004,0.004918082037801468,TRUE,FALSE
10.1123:ijsnem.2019-0308,F,0.001,4.197560793237593e-9,FALSE,FALSE
10.1123:ijsnem.2019-0308,F,0.003,0.0031158187639169165,FALSE,FALSE
10.1123:ijsnem.2019-0308,F,0.001,0.0018389373766849089,TRUE,FALSE
10.1123:ijsnem.2019-0308,F,0.001,4.8217519315868116e-4,FALSE,FALSE
10.1123:ijsnem.2019-0308,F,0.009,0.00859517068329154,FALSE,FALSE
10.1123:ijsnem.2019-0308,F,0.012,0.01205300776855286,FALSE,FALSE
10.1123:ijsnem.2019-0308,F,0.02,0.018335796212239304,FALSE,FALSE
10.1123:ijsnem.2019-0308,F,0.34,0.3383844969483895,FALSE,FALSE
10.1123:ijsnem.2019-0308,F,0.12,0.12323626700620599,FALSE,FALSE
10.1123:ijsnem.2019-0308,F,0.19,0.19139362457041578,FALSE,FALSE
10.1123:ijsnem.2019-0308,F,0.09,0.08728902489856319,FALSE,FALSE
10.1123:ijsnem.2019-0308,F,0.44,0.4428143860877881,FALSE,FALSE
10.1123:ijsnem.2019-0308,F,0.44,0.4428143860877881,FALSE,FALSE
10.1123:ijsnem.2019-0308,F,0.18,0.18295553290168196,FALSE,FALSE
10.1123:ijsnem.2019-0308,F,0.15,0.14640832405651927,FALSE,FALSE
10.1123:ijsnem.2019-0308,F,0.55,0.549718265536836,FALSE,FALSE
10.1123:ijsnem.2019-0308,F,0.19,0.19508610110123722,FALSE,FALSE
10.1123:ijsnem.2019-0308,F,0.87,0.8628028703465132,FALSE,FALSE
10.1123:ijsnem.2019-0308,F,0.03,0.027554811890171074,FALSE,FALSE
10.1123:ijsnem.2019-0308,F,0.57,0.5676419522839383,FALSE,FALSE
10.1123:ijsnem.2019-0308,F,0.34,0.3436486324760786,FALSE,FALSE
10.1123:ijsnem.2019-0308,F,0.29,0.29837942935345907,TRUE,FALSE
10.1123:ijsnem.2019-0308,F,0.24,0.24392069640182554,FALSE,FALSE
10.1123:ijsnem.2019-0308,F,0.001,0.0011019481513699551,FALSE,FALSE
10.1123:ijsnem.2019-0308,F,0.001,7.843913737115993e-7,FALSE,FALSE
10.1123:ijsnem.2019-0308,F,0.001,5.819351777383235e-16,FALSE,FALSE
10.1123:ijsnem.2019-0308,F,0.001,0.001176255624433381,FALSE,FALSE
10.1123:ijsnem.2019-0308,F,0.001,0.0014280393464328332,FALSE,FALSE
10.1123:ijsnem.2019-0308,F,0.07,0.07150294342319273,FALSE,FALSE
10.1123:ijsnem.2019-0308,F,0.21,0.21178286627213164,FALSE,FALSE
10.1123:ijsnem.2019-0308,F,0.29,0.2875972261767355,FALSE,FALSE
10.1123:ijsnem.2020-0034,F,0.001,6.3100929146375205e-6,FALSE,FALSE
10.1123:ijsnem.2020-0054,F,1e-4,8.358995387346973e-142,TRUE,FALSE
10.1123:ijsnem.2020-0054,F,1e-4,5.714898872807189e-115,TRUE,FALSE
10.1123:ijsnem.2020-0054,F,1e-4,3.040711453609176e-57,TRUE,FALSE
10.1123:ijsnem.2020-0054,F,1e-4,7.453794968103111e-19,TRUE,FALSE
10.1123:ijsnem.2020-0054,F,1e-4,1.25642098e-315,TRUE,FALSE
10.1123:ijsnem.2020-0054,F,1e-4,1.490376022357667e-26,TRUE,FALSE
10.1123:ijsnem.2020-0054,F,1e-4,1.1668702455321916e-131,TRUE,FALSE
10.1123:ijsnem.2020-0054,F,0.005,0.004867941139800534,FALSE,FALSE
10.1123:ijsnem.2020-0126,F,0.001,4.6520581811503206e-5,TRUE,FALSE
10.1123:ijsnem.2020-0126,F,0.001,3.3854738904920677e-6,TRUE,FALSE
10.1123:ijsnem.2020-0126,F,0.001,2.5654224348100285e-6,TRUE,FALSE
10.1123:ijsnem.2020-0126,F,0.001,1.9379540071067457e-4,TRUE,FALSE
10.1123:ijsnem.2020-0126,F,0.451,0.04570457123567699,TRUE,TRUE
10.1123:ijsnem.2020-0126,F,0.001,4.6520581811503206e-5,TRUE,FALSE
10.1123:ijsnem.2020-0126,F,0.866,0.864935897796726,TRUE,FALSE
10.1123:ijsnem.2020-0126,F,0.001,3.3854738904920677e-6,TRUE,FALSE
10.1123:ijsnem.2020-0126,F,0.082,0.046894119962331164,TRUE,TRUE
10.1123:ijsnem.2020-0126,F,0.001,2.5654224348100285e-6,TRUE,FALSE
10.1123:ijsnem.2020-0126,F,0.088,0.04356041610641024,TRUE,TRUE
10.1123:ijsnem.2020-0126,F,0.411,0.5446448732190233,TRUE,FALSE
10.1123:ijsnem.2020-0126,F,0.124,0.19080695661549016,TRUE,FALSE
10.1123:ijsnem.2020-0126,F,0.133,0.13317421852763367,FALSE,FALSE
10.1123:ijsnem.2020-0126,F,0.098,0.051242882225175125,TRUE,FALSE
10.1123:ijsnem.2020-0126,F,0.245,0.24510418443580703,FALSE,FALSE
10.1123:ijsnem.2020-0126,F,0.108,0.1077506951257352,FALSE,FALSE
10.1123:ijsnem.2020-0126,F,0.001,1.9379540071067457e-4,TRUE,FALSE
10.1123:ijsnem.2020-0126,F,0.322,0.2546313316483736,TRUE,FALSE
10.1123:ijsnem.2020-0126,F,0.001,4.1786374006597923e-22,TRUE,FALSE
10.1123:ijsnem.2020-0126,F,0.143,0.14333156128947924,FALSE,FALSE
